{
    "ndcg@5": 0.46892822824885405,
    "mrr@5": 0.5333333333333334,
    "map@5": 0.45199999999999996,
    "precision@5": 0.32,
    "recall@5": 0.5399999999999999,
    "hits@5": 1.6,
    "hit_rate@5": 0.6
}