{
    "q_1": {
        "d_1371": 0.9056962,
        "d_1370": 0.89067876,
        "d_1369": 0.88317215,
        "d_1407": 0.8744741,
        "d_1374": 0.8558036
    },
    "q_2": {
        "d_1668": 0.8454839,
        "d_1569": 0.82412136,
        "d_1573": 0.8237515,
        "d_1678": 0.82091975,
        "d_1565": 0.8194903
    },
    "q_3": {
        "d_406": 0.78475404,
        "d_2293": 0.7828727,
        "d_1375": 0.7800169,
        "d_2398": 0.7758597,
        "d_2393": 0.77099633
    },
    "q_4": {
        "d_2314": 0.834952,
        "d_2315": 0.8140111,
        "d_2389": 0.78637415,
        "d_2316": 0.7838564,
        "d_92": 0.78249764
    },
    "q_5": {
        "d_2295": 0.83324885,
        "d_2296": 0.81319255,
        "d_2292": 0.80582476,
        "d_2299": 0.80237097,
        "d_2290": 0.785931
    },
    "q_6": {
        "d_1": 0.849311,
        "d_8": 0.8272852,
        "d_25": 0.82376856,
        "d_10": 0.8210798,
        "d_13": 0.81320566
    },
    "q_7": {
        "d_1668": 0.85208684,
        "d_1644": 0.84942895,
        "d_1575": 0.8476046,
        "d_1577": 0.8463055,
        "d_1576": 0.84551746
    },
    "q_8": {
        "d_2390": 0.86986053,
        "d_2389": 0.83615214,
        "d_2388": 0.8303537,
        "d_2357": 0.8056509,
        "d_2363": 0.80497074
    },
    "q_9": {
        "d_721": 0.83441514,
        "d_695": 0.830858,
        "d_705": 0.8285394,
        "d_703": 0.818949,
        "d_728": 0.81800747
    },
    "q_10": {
        "d_1": 0.8579533,
        "d_8": 0.8353685,
        "d_10": 0.8345421,
        "d_99": 0.8191087,
        "d_13": 0.8162515
    }
}