{
    "ndcg@5": 0.37697784107642607,
    "mrr@5": 0.4833333333333334,
    "map@5": 0.3486666666666666,
    "precision@5": 0.26,
    "recall@5": 0.43999999999999995,
    "hits@5": 1.3,
    "hit_rate@5": 0.6
}