{
    "ndcg@5": 0.3385638483791026,
    "mrr@5": 0.4333333333333333,
    "map@5": 0.28444444444444444,
    "precision@5": 0.22000000000000003,
    "recall@5": 0.325,
    "hits@5": 1.1,
    "hit_rate@5": 0.5
}