{
    "q_1": {
        "d_1021": 0.88540936,
        "d_1020": 0.8847314,
        "d_1024": 0.864963,
        "d_1023": 0.85773546,
        "d_1022": 0.8440609
    },
    "q_2": {
        "d_1254": 0.8396499,
        "d_1178": 0.8344245,
        "d_1176": 0.8249368,
        "d_1175": 0.8197879,
        "d_1185": 0.81493276
    },
    "q_3": {
        "d_240": 0.8203198,
        "d_265": 0.7826835,
        "d_1481": 0.7803894,
        "d_1025": 0.77551395,
        "d_1561": 0.7752754
    },
    "q_4": {
        "d_1499": 0.8446885,
        "d_1500": 0.7883312,
        "d_1554": 0.7822801,
        "d_1555": 0.7767968,
        "d_1521": 0.7730106
    },
    "q_5": {
        "d_1482": 0.83081657,
        "d_1486": 0.80237097,
        "d_1483": 0.79821694,
        "d_1480": 0.798182,
        "d_1484": 0.7728157
    },
    "q_6": {
        "d_1": 0.83787096,
        "d_6": 0.8319217,
        "d_73": 0.8175913,
        "d_9": 0.81402874,
        "d_223": 0.81200886
    },
    "q_7": {
        "d_1176": 0.85168374,
        "d_1178": 0.8503439,
        "d_1185": 0.8502482,
        "d_1184": 0.8476046,
        "d_1254": 0.8427683
    },
    "q_8": {
        "d_1555": 0.87528735,
        "d_1554": 0.8397865,
        "d_1553": 0.82694674,
        "d_1530": 0.80563045,
        "d_552": 0.78281283
    },
    "q_9": {
        "d_559": 0.82887673,
        "d_542": 0.8284054,
        "d_538": 0.8228132,
        "d_545": 0.818949,
        "d_690": 0.8161375
    },
    "q_10": {
        "d_1": 0.8503596,
        "d_6": 0.8359155,
        "d_77": 0.8271928,
        "d_73": 0.82534635,
        "d_7": 0.82212865
    }
}