{
    "ndcg@5": 0.3728612538845212,
    "mrr@5": 0.5,
    "map@5": 0.3433333333333334,
    "precision@5": 0.26,
    "recall@5": 0.4083333333333333,
    "hits@5": 1.3,
    "hit_rate@5": 0.5
}