{
    "ndcg@5": 0.34220278510619906,
    "mrr@5": 0.4333333333333333,
    "map@5": 0.3044444444444444,
    "precision@5": 0.24000000000000005,
    "recall@5": 0.375,
    "hits@5": 1.2,
    "hit_rate@5": 0.5
}