{
    "q_1": {
        "d_321": 0.83037966,
        "d_1371": 0.82625633,
        "d_3": 0.8261694,
        "d_1567": 0.8223878,
        "d_2335": 0.81664217,
        "d_2322": 0.8140382,
        "d_1375": 0.8131858,
        "d_2316": 0.8126285,
        "d_2244": 0.81151915,
        "d_1987": 0.81151915
    },
    "q_2": {
        "d_550": 0.8565154,
        "d_735": 0.8500823,
        "d_1860": 0.84683895,
        "d_417": 0.84477866,
        "d_799": 0.8444959,
        "d_123": 0.8430972,
        "d_1286": 0.84274024,
        "d_1678": 0.8423712,
        "d_821": 0.84202373,
        "d_1150": 0.8419647
    },
    "q_3": {
        "d_406": 0.8312059,
        "d_1375": 0.8271841,
        "d_2293": 0.82166433,
        "d_9": 0.8196677,
        "d_2286": 0.8158134,
        "d_2398": 0.81456214,
        "d_1083": 0.8126514,
        "d_2393": 0.8122357,
        "d_702": 0.8116918,
        "d_1132": 0.81152797
    },
    "q_4": {
        "d_2315": 0.8545244,
        "d_2314": 0.8539609,
        "d_2316": 0.8308257,
        "d_2313": 0.8276047,
        "d_92": 0.82566696,
        "d_2301": 0.82451385,
        "d_2389": 0.8242089,
        "d_2390": 0.82255155,
        "d_712": 0.8221388,
        "d_2317": 0.82170385
    },
    "q_5": {
        "d_2295": 0.8547595,
        "d_2296": 0.8434265,
        "d_2299": 0.8361856,
        "d_2292": 0.8359053,
        "d_2290": 0.8237633,
        "d_2297": 0.8215003,
        "d_819": 0.820493,
        "d_2068": 0.8194948,
        "d_1606": 0.81881,
        "d_1043": 0.8187028
    },
    "q_6": {
        "d_338": 0.88507974,
        "d_1591": 0.8766484,
        "d_25": 0.8759792,
        "d_1098": 0.87487113,
        "d_712": 0.8698362,
        "d_332": 0.8642151,
        "d_751": 0.8541912,
        "d_257": 0.85250044,
        "d_1393": 0.85219693,
        "d_1099": 0.8486056
    },
    "q_7": {
        "d_1388": 0.87068105,
        "d_334": 0.8705396,
        "d_1094": 0.86956525,
        "d_1586": 0.86600614,
        "d_1581": 0.8585635,
        "d_711": 0.8571135,
        "d_1145": 0.85499793,
        "d_20": 0.8543782,
        "d_707": 0.854118,
        "d_1537": 0.8534899
    },
    "q_8": {
        "d_2390": 0.88186944,
        "d_2389": 0.8619714,
        "d_2388": 0.8566581,
        "d_2363": 0.8404081,
        "d_2357": 0.83909357,
        "d_2362": 0.83140075,
        "d_2367": 0.83015966,
        "d_2306": 0.82919216,
        "d_712": 0.8291737,
        "d_2356": 0.8281623
    },
    "q_9": {
        "d_228": 0.8876015,
        "d_393": 0.88449955,
        "d_1259": 0.8834584,
        "d_392": 0.87524945,
        "d_394": 0.8724824,
        "d_227": 0.86843956,
        "d_462": 0.86817354,
        "d_1258": 0.8657936,
        "d_247": 0.8653792,
        "d_584": 0.8644038
    },
    "q_10": {
        "d_331": 0.8453221,
        "d_1386": 0.8418642,
        "d_842": 0.8402711,
        "d_869": 0.8357253,
        "d_709": 0.83306384,
        "d_19": 0.83260906,
        "d_1587": 0.8316351,
        "d_1093": 0.830907,
        "d_1006": 0.82699233,
        "d_330": 0.82660514
    }
}