{
    "q_1": {
        "d_1371": 0.82625633,
        "d_1375": 0.8131858,
        "d_1379": 0.80730855,
        "d_1406": 0.79607224,
        "d_1405": 0.79478884,
        "d_1397": 0.7894684,
        "d_1370": 0.78794646,
        "d_1380": 0.7850691,
        "d_1400": 0.78146744,
        "d_1382": 0.78085077
    },
    "q_2": {
        "d_1860": 0.84683895,
        "d_1678": 0.8423712,
        "d_2089": 0.83892554,
        "d_2077": 0.8385265,
        "d_2020": 0.8354162,
        "d_1903": 0.833743,
        "d_1881": 0.8336294,
        "d_2276": 0.8328806,
        "d_1914": 0.8320925,
        "d_2103": 0.83187366
    },
    "q_3": {
        "d_2293": 0.82166433,
        "d_2286": 0.8158134,
        "d_2290": 0.80935144,
        "d_2299": 0.8084126,
        "d_2292": 0.80670595,
        "d_2311": 0.80262405,
        "d_2304": 0.80171263,
        "d_2288": 0.80152667,
        "d_2319": 0.79979765,
        "d_2287": 0.79920393
    },
    "q_4": {
        "d_2315": 0.8545244,
        "d_2314": 0.8539609,
        "d_2316": 0.8308257,
        "d_2313": 0.8276047,
        "d_2301": 0.82451385,
        "d_2389": 0.8242089,
        "d_2390": 0.82255155,
        "d_2317": 0.82170385,
        "d_2298": 0.817317,
        "d_2388": 0.81693697
    },
    "q_5": {
        "d_2295": 0.8547595,
        "d_2296": 0.8434265,
        "d_2299": 0.8361856,
        "d_2292": 0.8359053,
        "d_2290": 0.8237633,
        "d_2297": 0.8215003,
        "d_2293": 0.81639266,
        "d_2298": 0.8058264,
        "d_2309": 0.80387884,
        "d_2289": 0.8015871
    },
    "q_6": {
        "d_25": 0.8759792,
        "d_257": 0.85250044,
        "d_166": 0.8418408,
        "d_258": 0.8414328,
        "d_256": 0.8414092,
        "d_104": 0.83080137,
        "d_103": 0.8270655,
        "d_7": 0.82661355,
        "d_63": 0.8236891,
        "d_20": 0.8200937
    },
    "q_7": {
        "d_1586": 0.86600614,
        "d_1581": 0.8585635,
        "d_1833": 0.84544986,
        "d_1585": 0.8342568,
        "d_1587": 0.83380324,
        "d_1932": 0.8317498,
        "d_1976": 0.8311868,
        "d_2071": 0.82914853,
        "d_2016": 0.8280398,
        "d_1582": 0.82301986
    },
    "q_8": {
        "d_2390": 0.88186944,
        "d_2389": 0.8619714,
        "d_2388": 0.8566581,
        "d_2363": 0.8404081,
        "d_2357": 0.83909357,
        "d_2362": 0.83140075,
        "d_2367": 0.83015966,
        "d_2306": 0.82919216,
        "d_2356": 0.8281623,
        "d_2378": 0.82717526
    },
    "q_9": {
        "d_946": 0.85688573,
        "d_947": 0.8491843,
        "d_945": 0.8428192,
        "d_728": 0.8398764,
        "d_743": 0.836874,
        "d_926": 0.83075446,
        "d_903": 0.8298474,
        "d_1012": 0.8287488,
        "d_902": 0.8279369,
        "d_968": 0.82246476
    },
    "q_10": {
        "d_19": 0.83260906,
        "d_114": 0.8199898,
        "d_203": 0.8187287,
        "d_168": 0.8183344,
        "d_45": 0.81563413,
        "d_109": 0.8134766,
        "d_152": 0.811943,
        "d_132": 0.8113053,
        "d_42": 0.8088424,
        "d_154": 0.8086207
    }
}