{
    "ndcg@10": 0.8271817201046311,
    "mrr@10": 0.9,
    "map@10": 0.8075634920634922,
    "precision@10": 0.22000000000000003,
    "recall@10": 0.9,
    "hits@10": 2.2,
    "hit_rate@10": 0.9
}