{
    "ndcg@10": 0.463833083423436,
    "mrr@10": 0.4583333333333333,
    "map@10": 0.3674444444444444,
    "precision@10": 0.18,
    "recall@10": 0.6966666666666667,
    "hits@10": 1.8,
    "hit_rate@10": 0.8
}