{
    "ndcg@10": 0.42817606367772554,
    "mrr@10": 0.5166666666666666,
    "map@10": 0.3933015873015873,
    "precision@10": 0.15000000000000002,
    "recall@10": 0.5866666666666667,
    "hits@10": 1.5,
    "hit_rate@10": 0.7
}