{
    "q_1": {
        "d_1407": 0.8732022,
        "d_1370": 0.8708144,
        "d_1369": 0.8692049,
        "d_1381": 0.86832213,
        "d_1378": 0.8676026,
        "d_1371": 0.86731815,
        "d_1373": 0.862439,
        "d_1372": 0.8607073,
        "d_1417": 0.85339177,
        "d_1398": 0.85319316
    },
    "q_2": {
        "d_1636": 0.8773623,
        "d_1572": 0.8750984,
        "d_1579": 0.8707901,
        "d_1654": 0.87036055,
        "d_1568": 0.8690533,
        "d_1678": 0.86777353,
        "d_1650": 0.8659042,
        "d_1573": 0.8629122,
        "d_1597": 0.8602403,
        "d_1670": 0.860015
    },
    "q_3": {
        "d_1375": 0.8564658,
        "d_9": 0.8514366,
        "d_2293": 0.8423901,
        "d_1083": 0.8417508,
        "d_1132": 0.83797634,
        "d_406": 0.8373432,
        "d_2286": 0.8365776,
        "d_1574": 0.8349825,
        "d_1113": 0.8340944,
        "d_1116": 0.83322275
    },
    "q_4": {
        "d_2315": 0.8637323,
        "d_2314": 0.86019063,
        "d_2316": 0.8417269,
        "d_2313": 0.84107673,
        "d_2390": 0.8354309,
        "d_712": 0.8352972,
        "d_2389": 0.8339449,
        "d_2301": 0.83372897,
        "d_92": 0.8328066,
        "d_2317": 0.83180535
    },
    "q_5": {
        "d_2295": 0.8511103,
        "d_2296": 0.8445202,
        "d_2068": 0.83566064,
        "d_830": 0.83397484,
        "d_555": 0.83212066,
        "d_2292": 0.83007646,
        "d_102": 0.82979834,
        "d_251": 0.8296599,
        "d_2095": 0.8295101,
        "d_2290": 0.8285122
    },
    "q_6": {
        "d_25": 0.8521654,
        "d_104": 0.84633553,
        "d_63": 0.84464794,
        "d_8": 0.8432823,
        "d_234": 0.8430231,
        "d_1": 0.8429917,
        "d_12": 0.83974415,
        "d_13": 0.8396822,
        "d_103": 0.83861446,
        "d_105": 0.83728355
    },
    "q_7": {
        "d_1569": 0.8935834,
        "d_1565": 0.89327586,
        "d_1574": 0.88253933,
        "d_1573": 0.875134,
        "d_1566": 0.8705431,
        "d_1644": 0.86705965,
        "d_1668": 0.8669913,
        "d_1577": 0.86596763,
        "d_1575": 0.86497927,
        "d_1568": 0.86183476
    },
    "q_8": {
        "d_2390": 0.85508025,
        "d_2388": 0.848207,
        "d_2389": 0.84486204,
        "d_2363": 0.8326639,
        "d_915": 0.83106947,
        "d_2244": 0.83093846,
        "d_1987": 0.83093846,
        "d_1912": 0.83093846,
        "d_2306": 0.83091676,
        "d_2364": 0.82800597
    },
    "q_9": {
        "d_987": 0.8439555,
        "d_880": 0.84000874,
        "d_946": 0.838387,
        "d_945": 0.8378056,
        "d_857": 0.83677065,
        "d_894": 0.83570397,
        "d_761": 0.8315817,
        "d_1025": 0.83126456,
        "d_926": 0.83028173,
        "d_727": 0.83009344
    },
    "q_10": {
        "d_1": 0.8983135,
        "d_8": 0.879859,
        "d_10": 0.87236357,
        "d_2": 0.86530733,
        "d_13": 0.8607523,
        "d_4": 0.8588934,
        "d_99": 0.8553263,
        "d_62": 0.85317326,
        "d_48": 0.8487075,
        "d_12": 0.84675384
    }
}