{
    "q_1": {
        "d_1020": 0.8638133,
        "d_1029": 0.8618902,
        "d_1038": 0.8603976,
        "d_1023": 0.8556845,
        "d_1024": 0.8555826,
        "d_1022": 0.8550566,
        "d_1055": 0.8524529,
        "d_1047": 0.8521852,
        "d_1021": 0.84960675,
        "d_1069": 0.84803736
    },
    "q_2": {
        "d_1227": 0.88118404,
        "d_1203": 0.8678823,
        "d_1179": 0.8659914,
        "d_1223": 0.86407363,
        "d_1230": 0.86400235,
        "d_1260": 0.86261886,
        "d_1242": 0.86224484,
        "d_1180": 0.8620018,
        "d_1177": 0.85999024,
        "d_1246": 0.85953254
    },
    "q_3": {
        "d_240": 0.8779005,
        "d_1025": 0.8500136,
        "d_1183": 0.8492875,
        "d_265": 0.84022355,
        "d_793": 0.83990884,
        "d_796": 0.8389931,
        "d_31": 0.83748937,
        "d_1481": 0.8370091,
        "d_818": 0.8349229,
        "d_6": 0.83397335
    },
    "q_4": {
        "d_1499": 0.86750525,
        "d_1500": 0.84406036,
        "d_1271": 0.8345547,
        "d_1183": 0.833162,
        "d_1555": 0.8325838,
        "d_1554": 0.83184916,
        "d_1498": 0.83183455,
        "d_1553": 0.82954955,
        "d_240": 0.8291241,
        "d_1025": 0.82743704
    },
    "q_5": {
        "d_1482": 0.85032094,
        "d_1483": 0.8347333,
        "d_1479": 0.82874644,
        "d_1486": 0.8271237,
        "d_1416": 0.8269924,
        "d_1431": 0.82680243,
        "d_1480": 0.82539976,
        "d_509": 0.8247697,
        "d_626": 0.82312405,
        "d_1468": 0.8230551
    },
    "q_6": {
        "d_6": 0.84658825,
        "d_1": 0.8455743,
        "d_44": 0.8439239,
        "d_10": 0.8435129,
        "d_9": 0.8433328,
        "d_193": 0.8427389,
        "d_73": 0.84126544,
        "d_223": 0.8399618,
        "d_76": 0.8399506,
        "d_176": 0.8382548
    },
    "q_7": {
        "d_1178": 0.89655554,
        "d_1176": 0.89584196,
        "d_1175": 0.891806,
        "d_1182": 0.8769771,
        "d_1184": 0.86497927,
        "d_1254": 0.86417896,
        "d_1186": 0.86306053,
        "d_1181": 0.86230016,
        "d_1179": 0.85885364,
        "d_1185": 0.857768
    },
    "q_8": {
        "d_1555": 0.85617125,
        "d_1553": 0.84465724,
        "d_1554": 0.84011114,
        "d_796": 0.82891655,
        "d_1530": 0.8267536,
        "d_1499": 0.82175547,
        "d_794": 0.81821775,
        "d_552": 0.81656766,
        "d_1535": 0.81561816,
        "d_544": 0.8142878
    },
    "q_9": {
        "d_704": 0.8430897,
        "d_544": 0.8376682,
        "d_705": 0.8289982,
        "d_675": 0.8251327,
        "d_703": 0.8243681,
        "d_563": 0.8233794,
        "d_747": 0.82068896,
        "d_690": 0.81751245,
        "d_562": 0.816934,
        "d_684": 0.8169197
    },
    "q_10": {
        "d_6": 0.89481145,
        "d_1": 0.89021516,
        "d_73": 0.8694184,
        "d_7": 0.86508197,
        "d_2": 0.8638817,
        "d_4": 0.8604194,
        "d_44": 0.8567571,
        "d_3": 0.8531987,
        "d_9": 0.85301155,
        "d_5": 0.8506206
    }
}