{
    "ndcg@10": 0.7196550781035576,
    "mrr@10": 0.8,
    "map@10": 0.6628571428571428,
    "precision@10": 0.21000000000000002,
    "recall@10": 0.8,
    "hits@10": 2.1,
    "hit_rate@10": 0.8
}