{
    "q_1": {
        "d_544": 0.8237614,
        "d_794": 0.82374036,
        "d_1502": 0.8147511,
        "d_234": 0.8133056,
        "d_235": 0.8124973,
        "d_1505": 0.81220907,
        "d_1500": 0.81185377,
        "d_1177": 0.8090197,
        "d_44": 0.80855465,
        "d_1488": 0.80830824
    },
    "q_2": {
        "d_608": 0.8383174,
        "d_1394": 0.83815867,
        "d_90": 0.8380216,
        "d_845": 0.83755827,
        "d_570": 0.8360872,
        "d_620": 0.8353518,
        "d_1382": 0.8330347,
        "d_628": 0.83198327,
        "d_314": 0.8316755,
        "d_1264": 0.8315505
    },
    "q_3": {
        "d_240": 0.85005033,
        "d_1025": 0.8214303,
        "d_1481": 0.82099384,
        "d_265": 0.8202428,
        "d_1183": 0.8172393,
        "d_793": 0.8165607,
        "d_1561": 0.8115437,
        "d_61": 0.8095254,
        "d_563": 0.80919445,
        "d_31": 0.80904526
    },
    "q_4": {
        "d_1499": 0.8608073,
        "d_1500": 0.8334881,
        "d_1555": 0.8237432,
        "d_1183": 0.82201755,
        "d_1554": 0.82075715,
        "d_240": 0.81968564,
        "d_1498": 0.8190165,
        "d_1502": 0.8187066,
        "d_1025": 0.81730103,
        "d_1553": 0.8160151
    },
    "q_5": {
        "d_1482": 0.85370076,
        "d_1486": 0.8361856,
        "d_1480": 0.83425295,
        "d_1483": 0.8339882,
        "d_1431": 0.81845486,
        "d_268": 0.8159599,
        "d_1416": 0.81574863,
        "d_1479": 0.81475514,
        "d_1471": 0.81204873,
        "d_1372": 0.8117936
    },
    "q_6": {
        "d_251": 0.8562167,
        "d_552": 0.8560755,
        "d_1196": 0.8511301,
        "d_252": 0.84850645,
        "d_550": 0.846872,
        "d_193": 0.84673226,
        "d_19": 0.84472543,
        "d_576": 0.84243727,
        "d_247": 0.84195,
        "d_807": 0.8401785
    },
    "q_7": {
        "d_1034": 0.85071486,
        "d_803": 0.84901357,
        "d_248": 0.84871006,
        "d_551": 0.8481828,
        "d_1192": 0.8458333,
        "d_15": 0.84549737,
        "d_16": 0.8401661,
        "d_1149": 0.83836496,
        "d_185": 0.8337015,
        "d_180": 0.83260304
    },
    "q_8": {
        "d_1555": 0.88516814,
        "d_1554": 0.8613523,
        "d_1553": 0.8538147,
        "d_1530": 0.8375912,
        "d_796": 0.8313589,
        "d_552": 0.8273058,
        "d_1499": 0.8238957,
        "d_1535": 0.8229655,
        "d_1543": 0.82259935,
        "d_1534": 0.82018965
    },
    "q_9": {
        "d_292": 0.88996637,
        "d_930": 0.88365424,
        "d_293": 0.87155414,
        "d_171": 0.8665208,
        "d_448": 0.86231315,
        "d_186": 0.8607092,
        "d_172": 0.85910934,
        "d_349": 0.85874677,
        "d_704": 0.857593,
        "d_185": 0.8574699
    },
    "q_10": {
        "d_550": 0.8346579,
        "d_1191": 0.8236559,
        "d_802": 0.8231348,
        "d_14": 0.8230813,
        "d_587": 0.82158184,
        "d_246": 0.82144195,
        "d_549": 0.8184627,
        "d_1516": 0.818323,
        "d_152": 0.81663454,
        "d_15": 0.8151523
    }
}