{
    "ndcg@10": 0.3815895462733292,
    "mrr@10": 0.4291666666666666,
    "map@10": 0.349563492063492,
    "precision@10": 0.13000000000000003,
    "recall@10": 0.4833333333333333,
    "hits@10": 1.3,
    "hit_rate@10": 0.6
}