{
    "ndcg@10": 0.3458905834653602,
    "mrr@10": 0.3894444444444444,
    "map@10": 0.2731746031746032,
    "precision@10": 0.14,
    "recall@10": 0.5333333333333333,
    "hits@10": 1.4,
    "hit_rate@10": 0.7
}