{
    "q_1": {
        "d_1021": 0.80248773,
        "d_1025": 0.7959529,
        "d_1047": 0.7933597,
        "d_1020": 0.7809776,
        "d_1026": 0.7799076,
        "d_1027": 0.77886975,
        "d_1022": 0.7782281,
        "d_1042": 0.77796507,
        "d_1028": 0.7775751,
        "d_1041": 0.77654696
    },
    "q_2": {
        "d_1394": 0.83815867,
        "d_1382": 0.8330347,
        "d_1264": 0.8315505,
        "d_1472": 0.8296921,
        "d_1283": 0.8295715,
        "d_1293": 0.829425,
        "d_1427": 0.8286561,
        "d_1262": 0.82863295,
        "d_1389": 0.8253802,
        "d_1416": 0.82440335
    },
    "q_3": {
        "d_1481": 0.82099384,
        "d_1476": 0.80877507,
        "d_1486": 0.8084126,
        "d_1479": 0.8059639,
        "d_1478": 0.8038625,
        "d_1489": 0.80114776,
        "d_1480": 0.7996944,
        "d_1488": 0.7989889,
        "d_1506": 0.7978329,
        "d_1544": 0.79563475
    },
    "q_4": {
        "d_1499": 0.8608073,
        "d_1500": 0.8334881,
        "d_1555": 0.8237432,
        "d_1554": 0.82075715,
        "d_1498": 0.8190165,
        "d_1502": 0.8187066,
        "d_1553": 0.8160151,
        "d_1488": 0.8153567,
        "d_1521": 0.8140763,
        "d_1478": 0.8136009
    },
    "q_5": {
        "d_1482": 0.85370076,
        "d_1486": 0.8361856,
        "d_1480": 0.83425295,
        "d_1483": 0.8339882,
        "d_1479": 0.81475514,
        "d_1484": 0.81170464,
        "d_1485": 0.8087448,
        "d_1505": 0.80048764,
        "d_1494": 0.800437,
        "d_1488": 0.794667
    },
    "q_6": {
        "d_193": 0.84673226,
        "d_19": 0.84472543,
        "d_122": 0.8346866,
        "d_192": 0.8284861,
        "d_15": 0.82724273,
        "d_76": 0.8263671,
        "d_16": 0.8244685,
        "d_37": 0.81933296,
        "d_191": 0.8190712,
        "d_10": 0.8187286
    },
    "q_7": {
        "d_1192": 0.8458333,
        "d_1464": 0.8202453,
        "d_1193": 0.81820095,
        "d_1405": 0.817842,
        "d_1378": 0.8141074,
        "d_1414": 0.81235325,
        "d_1269": 0.8120547,
        "d_1189": 0.81039226,
        "d_1191": 0.8099874,
        "d_1190": 0.8092595
    },
    "q_8": {
        "d_1555": 0.88516814,
        "d_1554": 0.8613523,
        "d_1553": 0.8538147,
        "d_1530": 0.8375912,
        "d_1499": 0.8238957,
        "d_1535": 0.8229655,
        "d_1543": 0.82259935,
        "d_1534": 0.82018965,
        "d_1542": 0.8200143,
        "d_1539": 0.8195838
    },
    "q_9": {
        "d_704": 0.857593,
        "d_705": 0.8500283,
        "d_675": 0.8339547,
        "d_747": 0.82885325,
        "d_563": 0.8283409,
        "d_703": 0.828019,
        "d_690": 0.82245624,
        "d_573": 0.822429,
        "d_562": 0.81993324,
        "d_714": 0.8188116
    },
    "q_10": {
        "d_14": 0.8230813,
        "d_152": 0.81663454,
        "d_15": 0.8151523,
        "d_145": 0.8088938,
        "d_112": 0.8062318,
        "d_10": 0.8038629,
        "d_217": 0.80369604,
        "d_123": 0.8032017,
        "d_76": 0.80299276,
        "d_156": 0.8026713
    }
}