{
    "q_1": {
        "d_1407": 0.8732022,
        "d_1370": 0.8708144,
        "d_1369": 0.8692049,
        "d_1381": 0.86832213,
        "d_1378": 0.8676026
    },
    "q_2": {
        "d_1636": 0.8773623,
        "d_1572": 0.8750984,
        "d_1579": 0.8707901,
        "d_1654": 0.87036055,
        "d_1568": 0.8690533
    },
    "q_3": {
        "d_1375": 0.8564658,
        "d_9": 0.8514366,
        "d_2293": 0.8423901,
        "d_1083": 0.8417508,
        "d_1132": 0.83797634
    },
    "q_4": {
        "d_2315": 0.8637323,
        "d_2314": 0.86019063,
        "d_2316": 0.8417269,
        "d_2313": 0.84107673,
        "d_2390": 0.8354309
    },
    "q_5": {
        "d_2295": 0.8511103,
        "d_2296": 0.8445202,
        "d_2068": 0.83566064,
        "d_830": 0.83397484,
        "d_555": 0.83212066
    },
    "q_6": {
        "d_25": 0.8521654,
        "d_104": 0.84633553,
        "d_63": 0.84464794,
        "d_8": 0.8432823,
        "d_234": 0.8430231
    },
    "q_7": {
        "d_1569": 0.8935834,
        "d_1565": 0.89327586,
        "d_1574": 0.88253933,
        "d_1573": 0.875134,
        "d_1566": 0.8705431
    },
    "q_8": {
        "d_2390": 0.85508025,
        "d_2388": 0.848207,
        "d_2389": 0.84486204,
        "d_2363": 0.8326639,
        "d_915": 0.83106947
    },
    "q_9": {
        "d_987": 0.8439555,
        "d_880": 0.84000874,
        "d_946": 0.838387,
        "d_945": 0.8378056,
        "d_857": 0.83677065
    },
    "q_10": {
        "d_1": 0.8983135,
        "d_8": 0.879859,
        "d_10": 0.87236357,
        "d_2": 0.86530733,
        "d_13": 0.8607523
    }
}