{
    "ndcg@5": 0.37115523864163447,
    "mrr@5": 0.5166666666666666,
    "map@5": 0.3611111111111111,
    "precision@5": 0.24000000000000005,
    "recall@5": 0.4833333333333334,
    "hits@5": 1.2,
    "hit_rate@5": 0.7
}