{
    "ndcg@5": 0.7906718580425564,
    "mrr@5": 0.9,
    "map@5": 0.7563333333333333,
    "precision@5": 0.36000000000000004,
    "recall@5": 0.7899999999999999,
    "hits@5": 1.8,
    "hit_rate@5": 0.9
}