{
    "q_1": {
        "d_1371": 0.82625633,
        "d_1375": 0.8131858,
        "d_1379": 0.80730855,
        "d_1406": 0.79607224,
        "d_1405": 0.79478884
    },
    "q_2": {
        "d_1860": 0.84683895,
        "d_1678": 0.8423712,
        "d_2089": 0.83892554,
        "d_2077": 0.8385265,
        "d_2020": 0.8354162
    },
    "q_3": {
        "d_2293": 0.82166433,
        "d_2286": 0.8158134,
        "d_2290": 0.80935144,
        "d_2299": 0.8084126,
        "d_2292": 0.80670595
    },
    "q_4": {
        "d_2315": 0.8545244,
        "d_2314": 0.8539609,
        "d_2316": 0.8308257,
        "d_2313": 0.8276047,
        "d_2301": 0.82451385
    },
    "q_5": {
        "d_2295": 0.8547595,
        "d_2296": 0.8434265,
        "d_2299": 0.8361856,
        "d_2292": 0.8359053,
        "d_2290": 0.8237633
    },
    "q_6": {
        "d_25": 0.8759792,
        "d_257": 0.85250044,
        "d_166": 0.8418408,
        "d_258": 0.8414328,
        "d_256": 0.8414092
    },
    "q_7": {
        "d_1586": 0.86600614,
        "d_1581": 0.8585635,
        "d_1833": 0.84544986,
        "d_1585": 0.8342568,
        "d_1587": 0.83380324
    },
    "q_8": {
        "d_2390": 0.88186944,
        "d_2389": 0.8619714,
        "d_2388": 0.8566581,
        "d_2363": 0.8404081,
        "d_2357": 0.83909357
    },
    "q_9": {
        "d_946": 0.85688573,
        "d_947": 0.8491843,
        "d_945": 0.8428192,
        "d_728": 0.8398764,
        "d_743": 0.836874
    },
    "q_10": {
        "d_19": 0.83260906,
        "d_114": 0.8199898,
        "d_203": 0.8187287,
        "d_168": 0.8183344,
        "d_45": 0.81563413
    }
}