{
    "ndcg@5": 0.4067952854129426,
    "mrr@5": 0.4416666666666666,
    "map@5": 0.32744444444444437,
    "precision@5": 0.3,
    "recall@5": 0.5566666666666666,
    "hits@5": 1.5,
    "hit_rate@5": 0.7
}