{
    "q_1": {
        "d_321": 0.83037966,
        "d_1371": 0.82625633,
        "d_3": 0.8261694,
        "d_1567": 0.8223878,
        "d_2335": 0.81664217
    },
    "q_2": {
        "d_550": 0.8565154,
        "d_735": 0.8500823,
        "d_1860": 0.84683895,
        "d_417": 0.84477866,
        "d_799": 0.8444959
    },
    "q_3": {
        "d_406": 0.8312059,
        "d_1375": 0.8271841,
        "d_2293": 0.82166433,
        "d_9": 0.8196677,
        "d_2286": 0.8158134
    },
    "q_4": {
        "d_2315": 0.8545244,
        "d_2314": 0.8539609,
        "d_2316": 0.8308257,
        "d_2313": 0.8276047,
        "d_92": 0.82566696
    },
    "q_5": {
        "d_2295": 0.8547595,
        "d_2296": 0.8434265,
        "d_2299": 0.8361856,
        "d_2292": 0.8359053,
        "d_2290": 0.8237633
    },
    "q_6": {
        "d_338": 0.88507974,
        "d_1591": 0.8766484,
        "d_25": 0.8759792,
        "d_1098": 0.87487113,
        "d_712": 0.8698362
    },
    "q_7": {
        "d_1388": 0.87068105,
        "d_334": 0.8705396,
        "d_1094": 0.86956525,
        "d_1586": 0.86600614,
        "d_1581": 0.8585635
    },
    "q_8": {
        "d_2390": 0.88186944,
        "d_2389": 0.8619714,
        "d_2388": 0.8566581,
        "d_2363": 0.8404081,
        "d_2357": 0.83909357
    },
    "q_9": {
        "d_228": 0.8876015,
        "d_393": 0.88449955,
        "d_1259": 0.8834584,
        "d_392": 0.87524945,
        "d_394": 0.8724824
    },
    "q_10": {
        "d_331": 0.8453221,
        "d_1386": 0.8418642,
        "d_842": 0.8402711,
        "d_869": 0.8357253,
        "d_709": 0.83306384
    }
}