{
    "ndcg@5": 0.6703438136295279,
    "mrr@5": 0.8,
    "map@5": 0.6075,
    "precision@5": 0.34,
    "recall@5": 0.6666666666666666,
    "hits@5": 1.7,
    "hit_rate@5": 0.8
}