{
    "ndcg@5": 0.278806182024689,
    "mrr@5": 0.3783333333333333,
    "map@5": 0.23777777777777778,
    "precision@5": 0.22000000000000003,
    "recall@5": 0.35,
    "hits@5": 1.1,
    "hit_rate@5": 0.6
}