{
    "q_1": {
        "d_1020": 0.8638133,
        "d_1029": 0.8618902,
        "d_1038": 0.8603976,
        "d_1023": 0.8556845,
        "d_1024": 0.8555826
    },
    "q_2": {
        "d_1227": 0.88118404,
        "d_1203": 0.8678823,
        "d_1179": 0.8659914,
        "d_1223": 0.86407363,
        "d_1230": 0.86400235
    },
    "q_3": {
        "d_240": 0.8779005,
        "d_1025": 0.8500136,
        "d_1183": 0.8492875,
        "d_265": 0.84022355,
        "d_793": 0.83990884
    },
    "q_4": {
        "d_1499": 0.86750525,
        "d_1500": 0.84406036,
        "d_1271": 0.8345547,
        "d_1183": 0.833162,
        "d_1555": 0.8325838
    },
    "q_5": {
        "d_1482": 0.85032094,
        "d_1483": 0.8347333,
        "d_1479": 0.82874644,
        "d_1486": 0.8271237,
        "d_1416": 0.8269924
    },
    "q_6": {
        "d_6": 0.84658825,
        "d_1": 0.8455743,
        "d_44": 0.8439239,
        "d_10": 0.8435129,
        "d_9": 0.8433328
    },
    "q_7": {
        "d_1178": 0.89655554,
        "d_1176": 0.89584196,
        "d_1175": 0.891806,
        "d_1182": 0.8769771,
        "d_1184": 0.86497927
    },
    "q_8": {
        "d_1555": 0.85617125,
        "d_1553": 0.84465724,
        "d_1554": 0.84011114,
        "d_796": 0.82891655,
        "d_1530": 0.8267536
    },
    "q_9": {
        "d_704": 0.8430897,
        "d_544": 0.8376682,
        "d_705": 0.8289982,
        "d_675": 0.8251327,
        "d_703": 0.8243681
    },
    "q_10": {
        "d_6": 0.89481145,
        "d_1": 0.89021516,
        "d_73": 0.8694184,
        "d_7": 0.86508197,
        "d_2": 0.8638817
    }
}