{
    "q_1": {
        "d_1021": 0.80248773,
        "d_1025": 0.7959529,
        "d_1047": 0.7933597,
        "d_1020": 0.7809776,
        "d_1026": 0.7799076
    },
    "q_2": {
        "d_1394": 0.83815867,
        "d_1382": 0.8330347,
        "d_1264": 0.8315505,
        "d_1472": 0.8296921,
        "d_1283": 0.8295715
    },
    "q_3": {
        "d_1481": 0.82099384,
        "d_1476": 0.80877507,
        "d_1486": 0.8084126,
        "d_1479": 0.8059639,
        "d_1478": 0.8038625
    },
    "q_4": {
        "d_1499": 0.8608073,
        "d_1500": 0.8334881,
        "d_1555": 0.8237432,
        "d_1554": 0.82075715,
        "d_1498": 0.8190165
    },
    "q_5": {
        "d_1482": 0.85370076,
        "d_1486": 0.8361856,
        "d_1480": 0.83425295,
        "d_1483": 0.8339882,
        "d_1479": 0.81475514
    },
    "q_6": {
        "d_193": 0.84673226,
        "d_19": 0.84472543,
        "d_122": 0.8346866,
        "d_192": 0.8284861,
        "d_15": 0.82724273
    },
    "q_7": {
        "d_1192": 0.8458333,
        "d_1464": 0.8202453,
        "d_1193": 0.81820095,
        "d_1405": 0.817842,
        "d_1378": 0.8141074
    },
    "q_8": {
        "d_1555": 0.88516814,
        "d_1554": 0.8613523,
        "d_1553": 0.8538147,
        "d_1530": 0.8375912,
        "d_1499": 0.8238957
    },
    "q_9": {
        "d_704": 0.857593,
        "d_705": 0.8500283,
        "d_675": 0.8339547,
        "d_747": 0.82885325,
        "d_563": 0.8283409
    },
    "q_10": {
        "d_14": 0.8230813,
        "d_152": 0.81663454,
        "d_15": 0.8151523,
        "d_145": 0.8088938,
        "d_112": 0.8062318
    }
}