{
    "ndcg@5": 0.32701993934728385,
    "mrr@5": 0.4,
    "map@5": 0.31166666666666665,
    "precision@5": 0.18,
    "recall@5": 0.31666666666666665,
    "hits@5": 0.9,
    "hit_rate@5": 0.4
}