{
    "q_1": {
        "d_544": 0.8237614,
        "d_794": 0.82374036,
        "d_1502": 0.8147511,
        "d_234": 0.8133056,
        "d_235": 0.8124973
    },
    "q_2": {
        "d_608": 0.8383174,
        "d_1394": 0.83815867,
        "d_90": 0.8380216,
        "d_845": 0.83755827,
        "d_570": 0.8360872
    },
    "q_3": {
        "d_240": 0.85005033,
        "d_1025": 0.8214303,
        "d_1481": 0.82099384,
        "d_265": 0.8202428,
        "d_1183": 0.8172393
    },
    "q_4": {
        "d_1499": 0.8608073,
        "d_1500": 0.8334881,
        "d_1555": 0.8237432,
        "d_1183": 0.82201755,
        "d_1554": 0.82075715
    },
    "q_5": {
        "d_1482": 0.85370076,
        "d_1486": 0.8361856,
        "d_1480": 0.83425295,
        "d_1483": 0.8339882,
        "d_1431": 0.81845486
    },
    "q_6": {
        "d_251": 0.8562167,
        "d_552": 0.8560755,
        "d_1196": 0.8511301,
        "d_252": 0.84850645,
        "d_550": 0.846872
    },
    "q_7": {
        "d_1034": 0.85071486,
        "d_803": 0.84901357,
        "d_248": 0.84871006,
        "d_551": 0.8481828,
        "d_1192": 0.8458333
    },
    "q_8": {
        "d_1555": 0.88516814,
        "d_1554": 0.8613523,
        "d_1553": 0.8538147,
        "d_1530": 0.8375912,
        "d_796": 0.8313589
    },
    "q_9": {
        "d_292": 0.88996637,
        "d_930": 0.88365424,
        "d_293": 0.87155414,
        "d_171": 0.8665208,
        "d_448": 0.86231315
    },
    "q_10": {
        "d_550": 0.8346579,
        "d_1191": 0.8236559,
        "d_802": 0.8231348,
        "d_14": 0.8230813,
        "d_587": 0.82158184
    }
}