{
    "q_1": {
        "d_1371": 0.90631723,
        "d_1370": 0.89561486,
        "d_1369": 0.8881032,
        "d_1407": 0.883768,
        "d_1374": 0.8723256,
        "d_1376": 0.8666712,
        "d_1417": 0.86584187,
        "d_1378": 0.86453533,
        "d_1405": 0.8608068,
        "d_1377": 0.8584094
    },
    "q_2": {
        "d_1668": 0.8725176,
        "d_1573": 0.8629269,
        "d_1644": 0.8590507,
        "d_1569": 0.85583746,
        "d_1565": 0.8549883,
        "d_1678": 0.85347724,
        "d_1574": 0.85201275,
        "d_1575": 0.849698,
        "d_1624": 0.84711504,
        "d_1860": 0.84534144
    },
    "q_3": {
        "d_406": 0.8312059,
        "d_1375": 0.8271841,
        "d_2293": 0.82166433,
        "d_9": 0.8196677,
        "d_2286": 0.8158134,
        "d_2398": 0.81456214,
        "d_1083": 0.8126514,
        "d_2393": 0.8122357,
        "d_702": 0.8116918,
        "d_1132": 0.81152797
    },
    "q_4": {
        "d_2315": 0.8545244,
        "d_2314": 0.8539609,
        "d_2316": 0.8308257,
        "d_2313": 0.8276047,
        "d_92": 0.82566696,
        "d_2301": 0.82451385,
        "d_2389": 0.8242089,
        "d_2390": 0.82255155,
        "d_712": 0.8221388,
        "d_2317": 0.82170385
    },
    "q_5": {
        "d_2295": 0.8547595,
        "d_2296": 0.8434265,
        "d_2299": 0.8361856,
        "d_2292": 0.8359053,
        "d_2290": 0.8237633,
        "d_2297": 0.8215003,
        "d_819": 0.820493,
        "d_2068": 0.8194948,
        "d_1606": 0.81881,
        "d_1043": 0.8187028
    },
    "q_6": {
        "d_1": 0.86586124,
        "d_8": 0.85259736,
        "d_25": 0.851399,
        "d_13": 0.8486264,
        "d_10": 0.84595245,
        "d_104": 0.84513515,
        "d_12": 0.8432229,
        "d_103": 0.84255254,
        "d_48": 0.8396482,
        "d_166": 0.83932364
    },
    "q_7": {
        "d_1668": 0.87467027,
        "d_1644": 0.8738812,
        "d_1575": 0.87265897,
        "d_1624": 0.8689827,
        "d_1565": 0.8683293,
        "d_1569": 0.8668479,
        "d_1576": 0.86642575,
        "d_1577": 0.8657565,
        "d_1573": 0.8580421,
        "d_1589": 0.8564224
    },
    "q_8": {
        "d_2390": 0.88186944,
        "d_2389": 0.8619714,
        "d_2388": 0.8566581,
        "d_2363": 0.8404081,
        "d_2357": 0.83909357,
        "d_2362": 0.83140075,
        "d_2367": 0.83015966,
        "d_2306": 0.82919216,
        "d_712": 0.8291737,
        "d_2356": 0.8281623
    },
    "q_9": {
        "d_695": 0.8661176,
        "d_721": 0.86510235,
        "d_705": 0.8616085,
        "d_702": 0.8561883,
        "d_703": 0.8551102,
        "d_728": 0.85173553,
        "d_701": 0.85093856,
        "d_698": 0.84902066,
        "d_926": 0.84586096,
        "d_725": 0.845161
    },
    "q_10": {
        "d_1": 0.8759391,
        "d_10": 0.8615279,
        "d_8": 0.8591795,
        "d_12": 0.85220534,
        "d_62": 0.85152304,
        "d_13": 0.84987074,
        "d_99": 0.84924465,
        "d_2": 0.84597695,
        "d_234": 0.8448984,
        "d_4": 0.8447653
    }
}