{
    "ndcg@10": 0.4257962071094382,
    "mrr@10": 0.4666666666666667,
    "map@10": 0.4007777777777778,
    "precision@10": 0.16999999999999998,
    "recall@10": 0.5466666666666666,
    "hits@10": 1.7,
    "hit_rate@10": 0.6
}