{
    "ndcg@10": 0.4799810652902029,
    "mrr@10": 0.5333333333333334,
    "map@10": 0.4766111111111111,
    "precision@10": 0.19,
    "recall@10": 0.6,
    "hits@10": 1.9,
    "hit_rate@10": 0.6
}