{
    "ndcg@10": 0.34001311087969704,
    "mrr@10": 0.4333333333333333,
    "map@10": 0.27956349206349207,
    "precision@10": 0.11000000000000001,
    "recall@10": 0.3333333333333333,
    "hits@10": 1.1,
    "hit_rate@10": 0.5
}