{
    "ndcg@10": 0.4346439052684502,
    "mrr@10": 0.5,
    "map@10": 0.39619047619047615,
    "precision@10": 0.16,
    "recall@10": 0.5,
    "hits@10": 1.6,
    "hit_rate@10": 0.5
}