{
    "q_1": {
        "d_1021": 0.8931459,
        "d_1020": 0.8903258,
        "d_1024": 0.8829783,
        "d_1023": 0.8701733,
        "d_1026": 0.8666712,
        "d_1055": 0.86644125,
        "d_1022": 0.8626374,
        "d_1028": 0.8612778,
        "d_1038": 0.8609803,
        "d_1047": 0.86092836
    },
    "q_2": {
        "d_1254": 0.8674729,
        "d_1178": 0.8603755,
        "d_1176": 0.8556957,
        "d_1175": 0.8556528,
        "d_1182": 0.852792,
        "d_1185": 0.8526702,
        "d_1184": 0.849698,
        "d_1283": 0.8493098,
        "d_1284": 0.847221,
        "d_1262": 0.8449633
    },
    "q_3": {
        "d_1481": 0.82099384,
        "d_1476": 0.80877507,
        "d_1486": 0.8084126,
        "d_1479": 0.8059639,
        "d_1478": 0.8038625,
        "d_1489": 0.80114776,
        "d_1480": 0.7996944,
        "d_1488": 0.7989889,
        "d_1506": 0.7978329,
        "d_1544": 0.79563475
    },
    "q_4": {
        "d_1499": 0.8608073,
        "d_1500": 0.8334881,
        "d_1555": 0.8237432,
        "d_1554": 0.82075715,
        "d_1498": 0.8190165,
        "d_1502": 0.8187066,
        "d_1553": 0.8160151,
        "d_1488": 0.8153567,
        "d_1521": 0.8140763,
        "d_1478": 0.8136009
    },
    "q_5": {
        "d_1482": 0.85370076,
        "d_1486": 0.8361856,
        "d_1480": 0.83425295,
        "d_1483": 0.8339882,
        "d_1479": 0.81475514,
        "d_1484": 0.81170464,
        "d_1485": 0.8087448,
        "d_1505": 0.80048764,
        "d_1494": 0.800437,
        "d_1488": 0.794667
    },
    "q_6": {
        "d_6": 0.8624326,
        "d_1": 0.86073804,
        "d_44": 0.84854376,
        "d_73": 0.84812206,
        "d_10": 0.8463162,
        "d_9": 0.846308,
        "d_122": 0.8420756,
        "d_223": 0.8405448,
        "d_76": 0.8404448,
        "d_2": 0.839022
    },
    "q_7": {
        "d_1178": 0.8734595,
        "d_1176": 0.8732553,
        "d_1184": 0.87265897,
        "d_1185": 0.87090456,
        "d_1175": 0.8699447,
        "d_1254": 0.8673877,
        "d_1186": 0.8661542,
        "d_1182": 0.8557511,
        "d_1219": 0.85098726,
        "d_1216": 0.8507491
    },
    "q_8": {
        "d_1555": 0.88516814,
        "d_1554": 0.8613523,
        "d_1553": 0.8538147,
        "d_1530": 0.8375912,
        "d_1499": 0.8238957,
        "d_1535": 0.8229655,
        "d_1543": 0.82259935,
        "d_1534": 0.82018965,
        "d_1542": 0.8200143,
        "d_1539": 0.8195838
    },
    "q_9": {
        "d_538": 0.8622564,
        "d_542": 0.8621342,
        "d_559": 0.8620355,
        "d_545": 0.8551102,
        "d_540": 0.8523452,
        "d_543": 0.84975374,
        "d_546": 0.8491863,
        "d_675": 0.84730685,
        "d_690": 0.84728754,
        "d_563": 0.8435634
    },
    "q_10": {
        "d_1": 0.8700241,
        "d_6": 0.869426,
        "d_9": 0.85333216,
        "d_73": 0.85327506,
        "d_7": 0.85246223,
        "d_44": 0.8524351,
        "d_10": 0.84870726,
        "d_2": 0.84634304,
        "d_77": 0.8457073,
        "d_76": 0.8401587
    }
}