{
    "ndcg@10": 0.34314861587371087,
    "mrr@10": 0.4333333333333333,
    "map@10": 0.2938492063492063,
    "precision@10": 0.12000000000000002,
    "recall@10": 0.3833333333333333,
    "hits@10": 1.2,
    "hit_rate@10": 0.5
}