{
    "q_1": {
        "d_1021": 0.8931459,
        "d_1020": 0.8903258,
        "d_787": 0.8899049,
        "d_788": 0.88495636,
        "d_1024": 0.8829783,
        "d_793": 0.8752167,
        "d_1023": 0.8701733,
        "d_1026": 0.8666712,
        "d_1055": 0.86644125,
        "d_789": 0.86356777
    },
    "q_2": {
        "d_1254": 0.8674729,
        "d_1178": 0.8603755,
        "d_1176": 0.8556957,
        "d_1175": 0.8556528,
        "d_1182": 0.852792,
        "d_1185": 0.8526702,
        "d_823": 0.8522813,
        "d_682": 0.85098094,
        "d_1184": 0.849698,
        "d_1283": 0.8493098
    },
    "q_3": {
        "d_240": 0.85005033,
        "d_1025": 0.8214303,
        "d_1481": 0.82099384,
        "d_265": 0.8202428,
        "d_1183": 0.8172393,
        "d_793": 0.8165607,
        "d_1561": 0.8115437,
        "d_61": 0.8095254,
        "d_563": 0.80919445,
        "d_31": 0.80904526
    },
    "q_4": {
        "d_1499": 0.8608073,
        "d_1500": 0.8334881,
        "d_1555": 0.8237432,
        "d_1183": 0.82201755,
        "d_1554": 0.82075715,
        "d_240": 0.81968564,
        "d_1498": 0.8190165,
        "d_1502": 0.8187066,
        "d_1025": 0.81730103,
        "d_1553": 0.8160151
    },
    "q_5": {
        "d_1482": 0.85370076,
        "d_1486": 0.8361856,
        "d_1480": 0.83425295,
        "d_1483": 0.8339882,
        "d_1431": 0.81845486,
        "d_268": 0.8159599,
        "d_1416": 0.81574863,
        "d_1479": 0.81475514,
        "d_1471": 0.81204873,
        "d_1372": 0.8117936
    },
    "q_6": {
        "d_6": 0.8624326,
        "d_1": 0.86073804,
        "d_1496": 0.855683,
        "d_44": 0.84854376,
        "d_73": 0.84812206,
        "d_10": 0.8463162,
        "d_9": 0.846308,
        "d_1495": 0.845302,
        "d_122": 0.8420756,
        "d_235": 0.8413982
    },
    "q_7": {
        "d_1178": 0.8734595,
        "d_1176": 0.8732553,
        "d_1184": 0.87265897,
        "d_1185": 0.87090456,
        "d_1175": 0.8699447,
        "d_1254": 0.8673877,
        "d_1186": 0.8661542,
        "d_541": 0.85713184,
        "d_1182": 0.8557511,
        "d_861": 0.8550963
    },
    "q_8": {
        "d_1555": 0.88516814,
        "d_1554": 0.8613523,
        "d_1553": 0.8538147,
        "d_1530": 0.8375912,
        "d_796": 0.8313589,
        "d_552": 0.8273058,
        "d_1499": 0.8238957,
        "d_1535": 0.8229655,
        "d_1543": 0.82259935,
        "d_1534": 0.82018965
    },
    "q_9": {
        "d_292": 0.8720825,
        "d_930": 0.8643897,
        "d_538": 0.8622564,
        "d_542": 0.8621342,
        "d_559": 0.8620355,
        "d_790": 0.8615581,
        "d_545": 0.8551102,
        "d_293": 0.8524576,
        "d_540": 0.8523452,
        "d_543": 0.84975374
    },
    "q_10": {
        "d_1": 0.8700241,
        "d_6": 0.869426,
        "d_9": 0.85333216,
        "d_73": 0.85327506,
        "d_7": 0.85246223,
        "d_44": 0.8524351,
        "d_235": 0.84901,
        "d_10": 0.84870726,
        "d_2": 0.84634304,
        "d_77": 0.8457073
    }
}