{
    "ndcg@10": 0.5068569097913246,
    "mrr@10": 0.5833333333333333,
    "map@10": 0.4736190476190476,
    "precision@10": 0.16,
    "recall@10": 0.6066666666666667,
    "hits@10": 1.6,
    "hit_rate@10": 0.7
}