{
    "q_1": {
        "d_1371": 0.7789155,
        "d_1375": 0.76283723,
        "d_1379": 0.75433624,
        "d_1405": 0.7317169,
        "d_1380": 0.7284154,
        "d_1406": 0.72594255,
        "d_1397": 0.7243182,
        "d_1370": 0.72418183,
        "d_1385": 0.7199489,
        "d_1382": 0.71501213
    },
    "q_2": {
        "d_1678": 0.8021119,
        "d_1860": 0.7972631,
        "d_1903": 0.7952378,
        "d_2077": 0.79031795,
        "d_1905": 0.78943145,
        "d_1907": 0.7821749,
        "d_1909": 0.7806068,
        "d_2020": 0.7800855,
        "d_1866": 0.7792535,
        "d_2103": 0.7786397
    },
    "q_3": {
        "d_2293": 0.7828727,
        "d_2286": 0.77032864,
        "d_2292": 0.7639301,
        "d_2290": 0.7625394,
        "d_2299": 0.7598386,
        "d_2288": 0.7546853,
        "d_2311": 0.7529371,
        "d_2319": 0.7523234,
        "d_2304": 0.7513788,
        "d_2300": 0.7460416
    },
    "q_4": {
        "d_2314": 0.834952,
        "d_2315": 0.8140111,
        "d_2389": 0.78637415,
        "d_2316": 0.7838564,
        "d_2313": 0.7799629,
        "d_2390": 0.7768984,
        "d_2301": 0.77654135,
        "d_2388": 0.77243066,
        "d_2341": 0.7713153,
        "d_2317": 0.7680626
    },
    "q_5": {
        "d_2295": 0.83324885,
        "d_2296": 0.81319255,
        "d_2292": 0.80582476,
        "d_2299": 0.80237097,
        "d_2290": 0.785931,
        "d_2297": 0.781649,
        "d_2293": 0.7668498,
        "d_2298": 0.75674677,
        "d_2309": 0.7529217,
        "d_2341": 0.75251454
    },
    "q_6": {
        "d_25": 0.86655986,
        "d_257": 0.82447875,
        "d_258": 0.8057722,
        "d_166": 0.7979262,
        "d_256": 0.7929634,
        "d_20": 0.77296835,
        "d_104": 0.7724205,
        "d_63": 0.7703043,
        "d_7": 0.76914495,
        "d_103": 0.76739925
    },
    "q_7": {
        "d_1586": 0.8513337,
        "d_1581": 0.8331241,
        "d_1833": 0.8118277,
        "d_1587": 0.79554284,
        "d_1585": 0.7931938,
        "d_2071": 0.79201317,
        "d_2016": 0.7917892,
        "d_1976": 0.78986514,
        "d_1932": 0.78953993,
        "d_2272": 0.78822577
    },
    "q_8": {
        "d_2390": 0.86986053,
        "d_2389": 0.83615214,
        "d_2388": 0.8303537,
        "d_2357": 0.8056509,
        "d_2363": 0.80497074,
        "d_2356": 0.78925693,
        "d_2362": 0.782936,
        "d_2306": 0.7815826,
        "d_2367": 0.77989924,
        "d_2314": 0.775856
    },
    "q_9": {
        "d_946": 0.8360181,
        "d_947": 0.8299777,
        "d_945": 0.81041574,
        "d_728": 0.800488,
        "d_743": 0.7950214,
        "d_1012": 0.78428966,
        "d_903": 0.7824105,
        "d_902": 0.78190285,
        "d_926": 0.7802459,
        "d_1014": 0.7748533
    },
    "q_10": {
        "d_19": 0.80974114,
        "d_114": 0.77911717,
        "d_203": 0.7706971,
        "d_168": 0.7701076,
        "d_109": 0.768398,
        "d_16": 0.7666997,
        "d_236": 0.7651491,
        "d_152": 0.7646853,
        "d_132": 0.7641725,
        "d_45": 0.76316893
    }
}