{
    "ndcg@10": 0.8810231685623936,
    "mrr@10": 0.9111111111111111,
    "map@10": 0.8347777777777778,
    "precision@10": 0.23000000000000004,
    "recall@10": 1.0,
    "hits@10": 2.3,
    "hit_rate@10": 1.0
}