{
    "ndcg@10": 0.4935123948177755,
    "mrr@10": 0.495,
    "map@10": 0.38961904761904764,
    "precision@10": 0.18,
    "recall@10": 0.6966666666666667,
    "hits@10": 1.8,
    "hit_rate@10": 0.8
}