{
    "q_1": {
        "d_1407": 0.859885,
        "d_1381": 0.8568773,
        "d_1370": 0.85230184,
        "d_1369": 0.8494456,
        "d_1378": 0.84879214,
        "d_1371": 0.8436569,
        "d_1372": 0.8431657,
        "d_1373": 0.8418546,
        "d_1417": 0.83151156,
        "d_1398": 0.82535505
    },
    "q_2": {
        "d_1636": 0.8516107,
        "d_1572": 0.85116476,
        "d_1579": 0.8468363,
        "d_1654": 0.8405377,
        "d_1568": 0.8392261,
        "d_1678": 0.83817995,
        "d_1650": 0.8378458,
        "d_1583": 0.8316547,
        "d_1570": 0.83033645,
        "d_1670": 0.8294209
    },
    "q_3": {
        "d_1375": 0.8123027,
        "d_2293": 0.8035729,
        "d_9": 0.8010738,
        "d_747": 0.79768866,
        "d_1132": 0.79264,
        "d_1083": 0.7915145,
        "d_1113": 0.7908685,
        "d_406": 0.7908046,
        "d_746": 0.79072475,
        "d_2286": 0.78950965
    },
    "q_4": {
        "d_2314": 0.8418658,
        "d_2315": 0.8239821,
        "d_2316": 0.7968801,
        "d_2389": 0.7952968,
        "d_2313": 0.7942966,
        "d_712": 0.790028,
        "d_2390": 0.7893551,
        "d_92": 0.78712845,
        "d_2388": 0.7859966,
        "d_2301": 0.78519565
    },
    "q_5": {
        "d_2295": 0.8184345,
        "d_2296": 0.805385,
        "d_2068": 0.79993093,
        "d_830": 0.7959024,
        "d_102": 0.78373253,
        "d_2292": 0.78182375,
        "d_2063": 0.78152835,
        "d_2095": 0.78140414,
        "d_828": 0.7811869,
        "d_659": 0.78071725
    },
    "q_6": {
        "d_25": 0.8210013,
        "d_1": 0.81376386,
        "d_8": 0.81211,
        "d_234": 0.8086473,
        "d_63": 0.80517876,
        "d_104": 0.8045832,
        "d_12": 0.8007227,
        "d_13": 0.79983306,
        "d_235": 0.79865366,
        "d_10": 0.79842246
    },
    "q_7": {
        "d_1565": 0.88490736,
        "d_1569": 0.8809662,
        "d_1574": 0.8591454,
        "d_1566": 0.85592484,
        "d_1573": 0.8522424,
        "d_1577": 0.8473036,
        "d_1668": 0.84681404,
        "d_1575": 0.84448004,
        "d_1644": 0.8394038,
        "d_1568": 0.8364445
    },
    "q_8": {
        "d_2390": 0.8431504,
        "d_2388": 0.8249296,
        "d_2389": 0.8225105,
        "d_2363": 0.8030718,
        "d_2357": 0.79326177,
        "d_2306": 0.78876257,
        "d_2356": 0.7860954,
        "d_2367": 0.7823726,
        "d_915": 0.780872,
        "d_2364": 0.7784936
    },
    "q_9": {
        "d_946": 0.8155019,
        "d_947": 0.81103134,
        "d_945": 0.8072886,
        "d_728": 0.7933246,
        "d_926": 0.7875141,
        "d_987": 0.78425133,
        "d_743": 0.78069484,
        "d_1012": 0.77965367,
        "d_933": 0.77802837,
        "d_852": 0.7775149
    },
    "q_10": {
        "d_1": 0.8970673,
        "d_8": 0.8649124,
        "d_10": 0.8591805,
        "d_4": 0.8395344,
        "d_2": 0.83707696,
        "d_13": 0.8334077,
        "d_99": 0.8288729,
        "d_3": 0.823167,
        "d_62": 0.8204943,
        "d_12": 0.8161901
    }
}