{
    "q_1": {
        "d_321": 0.78390676,
        "d_1371": 0.7789155,
        "d_3": 0.77762777,
        "d_2335": 0.76957726,
        "d_1567": 0.76860416,
        "d_2333": 0.76351666,
        "d_1375": 0.76283723,
        "d_697": 0.76237917,
        "d_2322": 0.76199466,
        "d_1565": 0.7593364
    },
    "q_2": {
        "d_735": 0.8161241,
        "d_799": 0.8114603,
        "d_550": 0.8086246,
        "d_603": 0.8049656,
        "d_822": 0.80440223,
        "d_821": 0.80430895,
        "d_1150": 0.8040818,
        "d_1678": 0.8021119,
        "d_417": 0.8020314,
        "d_123": 0.8010371
    },
    "q_3": {
        "d_406": 0.78475404,
        "d_2293": 0.7828727,
        "d_1375": 0.7800169,
        "d_2398": 0.7758597,
        "d_2393": 0.77099633,
        "d_747": 0.7703364,
        "d_2286": 0.77032864,
        "d_9": 0.7690947,
        "d_746": 0.7650533,
        "d_2392": 0.7642869
    },
    "q_4": {
        "d_2314": 0.834952,
        "d_2315": 0.8140111,
        "d_2389": 0.78637415,
        "d_2316": 0.7838564,
        "d_92": 0.78249764,
        "d_2313": 0.7799629,
        "d_712": 0.7774807,
        "d_2390": 0.7768984,
        "d_2301": 0.77654135,
        "d_23": 0.77263296
    },
    "q_5": {
        "d_2295": 0.83324885,
        "d_2296": 0.81319255,
        "d_2292": 0.80582476,
        "d_2299": 0.80237097,
        "d_2290": 0.785931,
        "d_819": 0.78347135,
        "d_2297": 0.781649,
        "d_1606": 0.7803415,
        "d_2068": 0.7794652,
        "d_830": 0.7788097
    },
    "q_6": {
        "d_338": 0.8754696,
        "d_25": 0.86655986,
        "d_1098": 0.86314166,
        "d_1591": 0.86007464,
        "d_712": 0.8582516,
        "d_332": 0.836782,
        "d_751": 0.83399445,
        "d_257": 0.82447875,
        "d_1393": 0.8220844,
        "d_1588": 0.8154169
    },
    "q_7": {
        "d_1388": 0.86373067,
        "d_334": 0.8606483,
        "d_1094": 0.8603448,
        "d_1586": 0.8513337,
        "d_711": 0.838221,
        "d_20": 0.83583504,
        "d_1581": 0.8331241,
        "d_1537": 0.830203,
        "d_1145": 0.8273457,
        "d_707": 0.8267734
    },
    "q_8": {
        "d_2390": 0.86986053,
        "d_2389": 0.83615214,
        "d_2388": 0.8303537,
        "d_2357": 0.8056509,
        "d_2363": 0.80497074,
        "d_2356": 0.78925693,
        "d_712": 0.7855261,
        "d_2362": 0.782936,
        "d_2306": 0.7815826,
        "d_2367": 0.77989924
    },
    "q_9": {
        "d_228": 0.88109124,
        "d_393": 0.87654334,
        "d_1259": 0.87292725,
        "d_392": 0.8590682,
        "d_394": 0.8554021,
        "d_227": 0.8551859,
        "d_1258": 0.8527088,
        "d_247": 0.8506757,
        "d_584": 0.8457036,
        "d_462": 0.8425437
    },
    "q_10": {
        "d_842": 0.83236194,
        "d_331": 0.82307196,
        "d_1386": 0.8151661,
        "d_709": 0.81342864,
        "d_19": 0.80974114,
        "d_1093": 0.8046842,
        "d_869": 0.7997062,
        "d_1587": 0.797457,
        "d_1584": 0.7970063,
        "d_1006": 0.7961486
    }
}