{
    "q_1": {
        "d_1502": 0.76791304,
        "d_544": 0.76622427,
        "d_1177": 0.7625956,
        "d_1516": 0.76150864,
        "d_794": 0.7605146,
        "d_1488": 0.7605096,
        "d_234": 0.76040417,
        "d_1515": 0.7587313,
        "d_1500": 0.7580775,
        "d_1493": 0.7563429
    },
    "q_2": {
        "d_620": 0.79674184,
        "d_608": 0.79592836,
        "d_90": 0.7938875,
        "d_570": 0.7938694,
        "d_845": 0.79327154,
        "d_314": 0.7901833,
        "d_1264": 0.7885329,
        "d_621": 0.78775436,
        "d_465": 0.78695995,
        "d_464": 0.7865958
    },
    "q_3": {
        "d_240": 0.8203198,
        "d_265": 0.7826835,
        "d_1481": 0.7803894,
        "d_1025": 0.77551395,
        "d_1561": 0.7752754,
        "d_1183": 0.7688389,
        "d_793": 0.76324785,
        "d_61": 0.76180136,
        "d_563": 0.76120394,
        "d_818": 0.7608187
    },
    "q_4": {
        "d_1499": 0.8446885,
        "d_1500": 0.7883312,
        "d_1554": 0.7822801,
        "d_1555": 0.7767968,
        "d_1521": 0.7730106,
        "d_1502": 0.77298313,
        "d_1553": 0.7726413,
        "d_1482": 0.7675973,
        "d_1498": 0.76627874,
        "d_68": 0.765692
    },
    "q_5": {
        "d_1482": 0.83081657,
        "d_1486": 0.80237097,
        "d_1483": 0.79821694,
        "d_1480": 0.798182,
        "d_1484": 0.7728157,
        "d_1431": 0.77145696,
        "d_268": 0.7704694,
        "d_1479": 0.7683215,
        "d_1466": 0.76726943,
        "d_1416": 0.7672496
    },
    "q_6": {
        "d_552": 0.83472085,
        "d_251": 0.8335519,
        "d_1196": 0.8242175,
        "d_252": 0.8201795,
        "d_576": 0.81759286,
        "d_193": 0.8170653,
        "d_19": 0.8158505,
        "d_550": 0.80942756,
        "d_247": 0.8093746,
        "d_807": 0.8025393
    },
    "q_7": {
        "d_248": 0.83786273,
        "d_1034": 0.83088297,
        "d_803": 0.83052737,
        "d_551": 0.8298798,
        "d_1192": 0.82859933,
        "d_15": 0.8196708,
        "d_16": 0.8136721,
        "d_1149": 0.8058561,
        "d_180": 0.7985648,
        "d_769": 0.7964377
    },
    "q_8": {
        "d_1555": 0.87528735,
        "d_1554": 0.8397865,
        "d_1553": 0.82694674,
        "d_1530": 0.80563045,
        "d_552": 0.78281283,
        "d_1535": 0.78142655,
        "d_1499": 0.77546275,
        "d_1534": 0.77503324,
        "d_1521": 0.7726468,
        "d_796": 0.77214503
    },
    "q_9": {
        "d_292": 0.8776822,
        "d_930": 0.8733961,
        "d_293": 0.85543084,
        "d_171": 0.8539289,
        "d_448": 0.8458238,
        "d_185": 0.84047186,
        "d_172": 0.83946997,
        "d_291": 0.83620536,
        "d_704": 0.8342652,
        "d_931": 0.83424795
    },
    "q_10": {
        "d_550": 0.8031137,
        "d_1191": 0.7955597,
        "d_14": 0.79513097,
        "d_802": 0.79126084,
        "d_549": 0.7904149,
        "d_246": 0.7894309,
        "d_15": 0.77984035,
        "d_1033": 0.77818507,
        "d_1516": 0.77295333,
        "d_587": 0.7715399
    }
}