{
    "ndcg@10": 0.38577727131487827,
    "mrr@10": 0.4525,
    "map@10": 0.3569444444444444,
    "precision@10": 0.13000000000000003,
    "recall@10": 0.5333333333333333,
    "hits@10": 1.3,
    "hit_rate@10": 0.7
}