{
    "q_1": {
        "d_1029": 0.8445698,
        "d_1020": 0.8430593,
        "d_1038": 0.83885264,
        "d_1023": 0.83535266,
        "d_1022": 0.83457434,
        "d_1055": 0.82558215,
        "d_1028": 0.82541215,
        "d_1047": 0.82297516,
        "d_1069": 0.82158625,
        "d_1024": 0.82034916
    },
    "q_2": {
        "d_1227": 0.8567894,
        "d_1223": 0.8408818,
        "d_1179": 0.83900046,
        "d_1203": 0.8380432,
        "d_1180": 0.8371018,
        "d_1260": 0.8346626,
        "d_1230": 0.8314668,
        "d_1301": 0.83026916,
        "d_1187": 0.82753205,
        "d_1242": 0.8270085
    },
    "q_3": {
        "d_240": 0.852153,
        "d_265": 0.8054167,
        "d_1025": 0.8027543,
        "d_1183": 0.7998836,
        "d_1481": 0.7961585,
        "d_818": 0.79142064,
        "d_819": 0.79119354,
        "d_31": 0.78779906,
        "d_793": 0.78758085,
        "d_1059": 0.7868328
    },
    "q_4": {
        "d_1499": 0.8528278,
        "d_1500": 0.7993737,
        "d_1554": 0.7924189,
        "d_1555": 0.7852788,
        "d_1553": 0.7852458,
        "d_1521": 0.7831484,
        "d_1502": 0.78100014,
        "d_1271": 0.77981776,
        "d_1498": 0.7797174,
        "d_552": 0.7782208
    },
    "q_5": {
        "d_1482": 0.816808,
        "d_1483": 0.78964895,
        "d_626": 0.77872974,
        "d_509": 0.7777084,
        "d_1431": 0.7763397,
        "d_1416": 0.7739232,
        "d_1486": 0.7739103,
        "d_714": 0.7737814,
        "d_745": 0.772815,
        "d_1430": 0.77162844
    },
    "q_6": {
        "d_1": 0.812812,
        "d_176": 0.81152606,
        "d_6": 0.8089171,
        "d_223": 0.8076958,
        "d_9": 0.806648,
        "d_193": 0.8064812,
        "d_73": 0.8049542,
        "d_44": 0.80225235,
        "d_77": 0.80115145,
        "d_10": 0.798965
    },
    "q_7": {
        "d_1176": 0.8921344,
        "d_1178": 0.89206505,
        "d_1175": 0.8818206,
        "d_1182": 0.8602886,
        "d_1184": 0.84448004,
        "d_1254": 0.8442037,
        "d_1186": 0.843663,
        "d_1181": 0.8375471,
        "d_1185": 0.8345864,
        "d_1219": 0.8344823
    },
    "q_8": {
        "d_1555": 0.84530437,
        "d_1554": 0.8216125,
        "d_1553": 0.82094496,
        "d_1530": 0.79958487,
        "d_1535": 0.7810066,
        "d_1499": 0.77588457,
        "d_552": 0.7751956,
        "d_796": 0.773287,
        "d_1534": 0.7713331,
        "d_1531": 0.76863724
    },
    "q_9": {
        "d_704": 0.8234644,
        "d_705": 0.8108161,
        "d_675": 0.79073215,
        "d_747": 0.7858596,
        "d_563": 0.7830328,
        "d_703": 0.78203714,
        "d_690": 0.78179765,
        "d_650": 0.77524203,
        "d_573": 0.77233976,
        "d_684": 0.77172947
    },
    "q_10": {
        "d_1": 0.8819463,
        "d_6": 0.8785552,
        "d_73": 0.8530284,
        "d_7": 0.8449298,
        "d_4": 0.83651614,
        "d_3": 0.8362494,
        "d_2": 0.82997406,
        "d_9": 0.8272243,
        "d_5": 0.8271524,
        "d_44": 0.8251408
    }
}