{
    "ndcg@10": 0.36879741064417787,
    "mrr@10": 0.3977777777777778,
    "map@10": 0.29761904761904767,
    "precision@10": 0.15,
    "recall@10": 0.5583333333333333,
    "hits@10": 1.5,
    "hit_rate@10": 0.7
}