{
    "q_1": {
        "d_1021": 0.74709177,
        "d_1025": 0.7309454,
        "d_1047": 0.7285489,
        "d_1020": 0.714231,
        "d_1033": 0.7134814,
        "d_1028": 0.7133944,
        "d_1041": 0.7097595,
        "d_1026": 0.70684755,
        "d_1027": 0.7051873,
        "d_1022": 0.70451254
    },
    "q_2": {
        "d_1264": 0.7885329,
        "d_1394": 0.78476894,
        "d_1382": 0.78057116,
        "d_1283": 0.7788808,
        "d_1262": 0.7781637,
        "d_1293": 0.777014,
        "d_1472": 0.7757987,
        "d_1297": 0.77267855,
        "d_1416": 0.7725129,
        "d_1320": 0.77165264
    },
    "q_3": {
        "d_1481": 0.7803894,
        "d_1486": 0.7598386,
        "d_1479": 0.75877625,
        "d_1476": 0.7583577,
        "d_1478": 0.75821126,
        "d_1489": 0.75340813,
        "d_1480": 0.7522473,
        "d_1544": 0.7488403,
        "d_1487": 0.7460416,
        "d_1503": 0.7445487
    },
    "q_4": {
        "d_1499": 0.8446885,
        "d_1500": 0.7883312,
        "d_1554": 0.7822801,
        "d_1555": 0.7767968,
        "d_1521": 0.7730106,
        "d_1502": 0.77298313,
        "d_1553": 0.7726413,
        "d_1482": 0.7675973,
        "d_1498": 0.76627874,
        "d_1543": 0.76332253
    },
    "q_5": {
        "d_1482": 0.83081657,
        "d_1486": 0.80237097,
        "d_1483": 0.79821694,
        "d_1480": 0.798182,
        "d_1484": 0.7728157,
        "d_1479": 0.7683215,
        "d_1485": 0.76576066,
        "d_1543": 0.7484864,
        "d_1494": 0.7472966,
        "d_1505": 0.7414092
    },
    "q_6": {
        "d_193": 0.8170653,
        "d_19": 0.8158505,
        "d_122": 0.7877378,
        "d_192": 0.7876061,
        "d_15": 0.7856079,
        "d_16": 0.7707818,
        "d_18": 0.76860476,
        "d_76": 0.76532865,
        "d_191": 0.7650018,
        "d_194": 0.761075
    },
    "q_7": {
        "d_1192": 0.82859933,
        "d_1464": 0.7873777,
        "d_1193": 0.7792756,
        "d_1405": 0.7745534,
        "d_1191": 0.766021,
        "d_1378": 0.7656556,
        "d_1269": 0.76489234,
        "d_1414": 0.76477075,
        "d_1189": 0.76381814,
        "d_1402": 0.76287377
    },
    "q_8": {
        "d_1555": 0.87528735,
        "d_1554": 0.8397865,
        "d_1553": 0.82694674,
        "d_1530": 0.80563045,
        "d_1535": 0.78142655,
        "d_1499": 0.77546275,
        "d_1534": 0.77503324,
        "d_1521": 0.7726468,
        "d_1539": 0.77198625,
        "d_1543": 0.77047527
    },
    "q_9": {
        "d_704": 0.8342652,
        "d_705": 0.8292041,
        "d_675": 0.7937379,
        "d_747": 0.7914029,
        "d_563": 0.7863173,
        "d_703": 0.78261435,
        "d_690": 0.78002954,
        "d_573": 0.7782728,
        "d_558": 0.77326584,
        "d_650": 0.7717972
    },
    "q_10": {
        "d_14": 0.79513097,
        "d_15": 0.77984035,
        "d_152": 0.76794577,
        "d_145": 0.7596922,
        "d_77": 0.7554426,
        "d_106": 0.75502276,
        "d_217": 0.7531742,
        "d_82": 0.7527944,
        "d_96": 0.75245357,
        "d_133": 0.75186133
    }
}