{
    "ndcg@10": 0.7479752097774799,
    "mrr@10": 0.8142857142857143,
    "map@10": 0.6706349206349207,
    "precision@10": 0.22000000000000003,
    "recall@10": 0.9,
    "hits@10": 2.2,
    "hit_rate@10": 0.9
}