{
    "ndcg@10": 0.43931798113397996,
    "mrr@10": 0.4833333333333334,
    "map@10": 0.402952380952381,
    "precision@10": 0.16999999999999998,
    "recall@10": 0.5466666666666666,
    "hits@10": 1.7,
    "hit_rate@10": 0.6
}