{
    "q_1": {
        "d_1371": 0.9056962,
        "d_1370": 0.89067876,
        "d_1369": 0.88317215,
        "d_1407": 0.8744741,
        "d_1077": 0.8735099,
        "d_1075": 0.8713788,
        "d_1374": 0.8558036,
        "d_1417": 0.8508908,
        "d_1076": 0.8497195,
        "d_1080": 0.8463341
    },
    "q_2": {
        "d_1668": 0.8454839,
        "d_740": 0.83260095,
        "d_799": 0.83121026,
        "d_1569": 0.82412136,
        "d_1573": 0.8237515,
        "d_1678": 0.82091975,
        "d_1565": 0.8194903,
        "d_1644": 0.81906575,
        "d_735": 0.81839514,
        "d_725": 0.8139856
    },
    "q_3": {
        "d_406": 0.78475404,
        "d_2293": 0.7828727,
        "d_1375": 0.7800169,
        "d_2398": 0.7758597,
        "d_2393": 0.77099633,
        "d_747": 0.7703364,
        "d_2286": 0.77032864,
        "d_9": 0.7690947,
        "d_746": 0.7650533,
        "d_2392": 0.7642869
    },
    "q_4": {
        "d_2314": 0.834952,
        "d_2315": 0.8140111,
        "d_2389": 0.78637415,
        "d_2316": 0.7838564,
        "d_92": 0.78249764,
        "d_2313": 0.7799629,
        "d_712": 0.7774807,
        "d_2390": 0.7768984,
        "d_2301": 0.77654135,
        "d_23": 0.77263296
    },
    "q_5": {
        "d_2295": 0.83324885,
        "d_2296": 0.81319255,
        "d_2292": 0.80582476,
        "d_2299": 0.80237097,
        "d_2290": 0.785931,
        "d_819": 0.78347135,
        "d_2297": 0.781649,
        "d_1606": 0.7803415,
        "d_2068": 0.7794652,
        "d_830": 0.7788097
    },
    "q_6": {
        "d_1": 0.849311,
        "d_8": 0.8272852,
        "d_25": 0.82376856,
        "d_10": 0.8210798,
        "d_338": 0.8183594,
        "d_1098": 0.8162724,
        "d_13": 0.81320566,
        "d_317": 0.81009126,
        "d_345": 0.80952847,
        "d_1591": 0.8090664
    },
    "q_7": {
        "d_1668": 0.85208684,
        "d_1145": 0.84997946,
        "d_1644": 0.84942895,
        "d_1575": 0.8476046,
        "d_1577": 0.8463055,
        "d_1576": 0.84551746,
        "d_1624": 0.84375596,
        "d_1569": 0.8386757,
        "d_1565": 0.8383674,
        "d_1537": 0.8365398
    },
    "q_8": {
        "d_2390": 0.86986053,
        "d_2389": 0.83615214,
        "d_2388": 0.8303537,
        "d_2357": 0.8056509,
        "d_2363": 0.80497074,
        "d_2356": 0.78925693,
        "d_712": 0.7855261,
        "d_2362": 0.782936,
        "d_2306": 0.7815826,
        "d_2367": 0.77989924
    },
    "q_9": {
        "d_1259": 0.84308285,
        "d_721": 0.83441514,
        "d_228": 0.8324126,
        "d_394": 0.8310197,
        "d_695": 0.830858,
        "d_1079": 0.8298619,
        "d_705": 0.8285394,
        "d_393": 0.8209436,
        "d_392": 0.8195216,
        "d_703": 0.818949
    },
    "q_10": {
        "d_1": 0.8579533,
        "d_8": 0.8353685,
        "d_10": 0.8345421,
        "d_99": 0.8191087,
        "d_13": 0.8162515,
        "d_12": 0.8158543,
        "d_315": 0.8143989,
        "d_2": 0.8142005,
        "d_62": 0.81298316,
        "d_234": 0.81251866
    }
}