{
    "q_1": {
        "d_1371": 0.9056962,
        "d_1370": 0.89067876,
        "d_1369": 0.88317215,
        "d_1407": 0.8744741,
        "d_1374": 0.8558036,
        "d_1417": 0.8508908,
        "d_1378": 0.8439597,
        "d_1376": 0.840359,
        "d_1372": 0.8362721,
        "d_1405": 0.8346871
    },
    "q_2": {
        "d_1668": 0.8454839,
        "d_1569": 0.82412136,
        "d_1573": 0.8237515,
        "d_1678": 0.82091975,
        "d_1565": 0.8194903,
        "d_1644": 0.81906575,
        "d_1575": 0.81249607,
        "d_1577": 0.80604833,
        "d_1866": 0.8057903,
        "d_1576": 0.8048347
    },
    "q_3": {
        "d_2293": 0.7828727,
        "d_2286": 0.77032864,
        "d_2292": 0.7639301,
        "d_2290": 0.7625394,
        "d_2299": 0.7598386,
        "d_2288": 0.7546853,
        "d_2311": 0.7529371,
        "d_2319": 0.7523234,
        "d_2304": 0.7513788,
        "d_2300": 0.7460416
    },
    "q_4": {
        "d_2314": 0.834952,
        "d_2315": 0.8140111,
        "d_2389": 0.78637415,
        "d_2316": 0.7838564,
        "d_2313": 0.7799629,
        "d_2390": 0.7768984,
        "d_2301": 0.77654135,
        "d_2388": 0.77243066,
        "d_2341": 0.7713153,
        "d_2317": 0.7680626
    },
    "q_5": {
        "d_2295": 0.83324885,
        "d_2296": 0.81319255,
        "d_2292": 0.80582476,
        "d_2299": 0.80237097,
        "d_2290": 0.785931,
        "d_2297": 0.781649,
        "d_2293": 0.7668498,
        "d_2298": 0.75674677,
        "d_2309": 0.7529217,
        "d_2341": 0.75251454
    },
    "q_6": {
        "d_1": 0.849311,
        "d_8": 0.8272852,
        "d_25": 0.82376856,
        "d_10": 0.8210798,
        "d_13": 0.81320566,
        "d_4": 0.8079368,
        "d_12": 0.8066834,
        "d_104": 0.8056013,
        "d_103": 0.80416125,
        "d_235": 0.8028257
    },
    "q_7": {
        "d_1668": 0.85208684,
        "d_1644": 0.84942895,
        "d_1575": 0.8476046,
        "d_1577": 0.8463055,
        "d_1576": 0.84551746,
        "d_1624": 0.84375596,
        "d_1569": 0.8386757,
        "d_1565": 0.8383674,
        "d_2016": 0.829299,
        "d_1670": 0.827957
    },
    "q_8": {
        "d_2390": 0.86986053,
        "d_2389": 0.83615214,
        "d_2388": 0.8303537,
        "d_2357": 0.8056509,
        "d_2363": 0.80497074,
        "d_2356": 0.78925693,
        "d_2362": 0.782936,
        "d_2306": 0.7815826,
        "d_2367": 0.77989924,
        "d_2314": 0.775856
    },
    "q_9": {
        "d_721": 0.83441514,
        "d_695": 0.830858,
        "d_705": 0.8285394,
        "d_703": 0.818949,
        "d_728": 0.81800747,
        "d_702": 0.8148289,
        "d_701": 0.8135808,
        "d_698": 0.80932856,
        "d_947": 0.80698746,
        "d_926": 0.80684316
    },
    "q_10": {
        "d_1": 0.8579533,
        "d_8": 0.8353685,
        "d_10": 0.8345421,
        "d_99": 0.8191087,
        "d_13": 0.8162515,
        "d_12": 0.8158543,
        "d_2": 0.8142005,
        "d_62": 0.81298316,
        "d_234": 0.81251866,
        "d_4": 0.8101936
    }
}