{
    "ndcg@10": 0.4694209807003781,
    "mrr@10": 0.49444444444444446,
    "map@10": 0.4140634920634921,
    "precision@10": 0.18,
    "recall@10": 0.6466666666666667,
    "hits@10": 1.8,
    "hit_rate@10": 0.7
}