{
    "ndcg@10": 0.5339905936521865,
    "mrr@10": 0.5444444444444445,
    "map@10": 0.5056111111111111,
    "precision@10": 0.2,
    "recall@10": 0.7,
    "hits@10": 2.0,
    "hit_rate@10": 0.7
}