{
    "ndcg@10": 0.35892250468684983,
    "mrr@10": 0.4333333333333333,
    "map@10": 0.3080555555555556,
    "precision@10": 0.13,
    "recall@10": 0.4083333333333333,
    "hits@10": 1.3,
    "hit_rate@10": 0.5
}