{
    "q_1": {
        "d_1021": 0.88540936,
        "d_1020": 0.8847314,
        "d_787": 0.87665486,
        "d_788": 0.86880636,
        "d_1024": 0.864963,
        "d_1023": 0.85773546,
        "d_793": 0.85127234,
        "d_1022": 0.8440609,
        "d_1028": 0.84314024,
        "d_1055": 0.8429045
    },
    "q_2": {
        "d_1254": 0.8396499,
        "d_1178": 0.8344245,
        "d_1176": 0.8249368,
        "d_1175": 0.8197879,
        "d_823": 0.8165405,
        "d_1185": 0.81493276,
        "d_1283": 0.8143625,
        "d_1182": 0.81365603,
        "d_1184": 0.81249607,
        "d_570": 0.8122442
    },
    "q_3": {
        "d_240": 0.8203198,
        "d_265": 0.7826835,
        "d_1481": 0.7803894,
        "d_1025": 0.77551395,
        "d_1561": 0.7752754,
        "d_1183": 0.7688389,
        "d_793": 0.76324785,
        "d_61": 0.76180136,
        "d_563": 0.76120394,
        "d_818": 0.7608187
    },
    "q_4": {
        "d_1499": 0.8446885,
        "d_1500": 0.7883312,
        "d_1554": 0.7822801,
        "d_1555": 0.7767968,
        "d_1521": 0.7730106,
        "d_1502": 0.77298313,
        "d_1553": 0.7726413,
        "d_1482": 0.7675973,
        "d_1498": 0.76627874,
        "d_68": 0.765692
    },
    "q_5": {
        "d_1482": 0.83081657,
        "d_1486": 0.80237097,
        "d_1483": 0.79821694,
        "d_1480": 0.798182,
        "d_1484": 0.7728157,
        "d_1431": 0.77145696,
        "d_268": 0.7704694,
        "d_1479": 0.7683215,
        "d_1466": 0.76726943,
        "d_1416": 0.7672496
    },
    "q_6": {
        "d_1": 0.83787096,
        "d_6": 0.8319217,
        "d_1496": 0.8238026,
        "d_73": 0.8175913,
        "d_235": 0.8152242,
        "d_9": 0.81402874,
        "d_223": 0.81200886,
        "d_176": 0.8116431,
        "d_238": 0.8106995,
        "d_44": 0.8106654
    },
    "q_7": {
        "d_1176": 0.85168374,
        "d_1178": 0.8503439,
        "d_1185": 0.8502482,
        "d_1184": 0.8476046,
        "d_1254": 0.8427683,
        "d_1186": 0.84172916,
        "d_1175": 0.84046847,
        "d_1035": 0.82652557,
        "d_1219": 0.824965,
        "d_861": 0.8246809
    },
    "q_8": {
        "d_1555": 0.87528735,
        "d_1554": 0.8397865,
        "d_1553": 0.82694674,
        "d_1530": 0.80563045,
        "d_552": 0.78281283,
        "d_1535": 0.78142655,
        "d_1499": 0.77546275,
        "d_1534": 0.77503324,
        "d_1521": 0.7726468,
        "d_796": 0.77214503
    },
    "q_9": {
        "d_292": 0.8462494,
        "d_930": 0.8378718,
        "d_559": 0.82887673,
        "d_542": 0.8284054,
        "d_293": 0.8275548,
        "d_790": 0.8274218,
        "d_538": 0.8228132,
        "d_171": 0.81903553,
        "d_545": 0.818949,
        "d_690": 0.8161375
    },
    "q_10": {
        "d_1": 0.8503596,
        "d_6": 0.8359155,
        "d_77": 0.8271928,
        "d_73": 0.82534635,
        "d_235": 0.82345116,
        "d_7": 0.82212865,
        "d_9": 0.81942403,
        "d_238": 0.81849027,
        "d_44": 0.8175928,
        "d_176": 0.813974
    }
}