{
    "ndcg@10": 0.4803355918949916,
    "mrr@10": 0.5199999999999999,
    "map@10": 0.403015873015873,
    "precision@10": 0.18000000000000002,
    "recall@10": 0.7,
    "hits@10": 1.8,
    "hit_rate@10": 0.7
}