{
    "ndcg@10": 0.4174069815877311,
    "mrr@10": 0.4533333333333333,
    "map@10": 0.33555555555555555,
    "precision@10": 0.15,
    "recall@10": 0.6083333333333333,
    "hits@10": 1.5,
    "hit_rate@10": 0.7
}