{
    "q_1": {
        "d_1021": 0.88540936,
        "d_1020": 0.8847314,
        "d_1024": 0.864963,
        "d_1023": 0.85773546,
        "d_1022": 0.8440609,
        "d_1028": 0.84314024,
        "d_1055": 0.8429045,
        "d_1026": 0.840359,
        "d_1047": 0.8356215,
        "d_1038": 0.8354006
    },
    "q_2": {
        "d_1254": 0.8396499,
        "d_1178": 0.8344245,
        "d_1176": 0.8249368,
        "d_1175": 0.8197879,
        "d_1185": 0.81493276,
        "d_1283": 0.8143625,
        "d_1182": 0.81365603,
        "d_1184": 0.81249607,
        "d_1284": 0.8114735,
        "d_1301": 0.80663323
    },
    "q_3": {
        "d_1481": 0.7803894,
        "d_1486": 0.7598386,
        "d_1479": 0.75877625,
        "d_1476": 0.7583577,
        "d_1478": 0.75821126,
        "d_1489": 0.75340813,
        "d_1480": 0.7522473,
        "d_1544": 0.7488403,
        "d_1487": 0.7460416,
        "d_1503": 0.7445487
    },
    "q_4": {
        "d_1499": 0.8446885,
        "d_1500": 0.7883312,
        "d_1554": 0.7822801,
        "d_1555": 0.7767968,
        "d_1521": 0.7730106,
        "d_1502": 0.77298313,
        "d_1553": 0.7726413,
        "d_1482": 0.7675973,
        "d_1498": 0.76627874,
        "d_1543": 0.76332253
    },
    "q_5": {
        "d_1482": 0.83081657,
        "d_1486": 0.80237097,
        "d_1483": 0.79821694,
        "d_1480": 0.798182,
        "d_1484": 0.7728157,
        "d_1479": 0.7683215,
        "d_1485": 0.76576066,
        "d_1543": 0.7484864,
        "d_1494": 0.7472966,
        "d_1505": 0.7414092
    },
    "q_6": {
        "d_1": 0.83787096,
        "d_6": 0.8319217,
        "d_73": 0.8175913,
        "d_9": 0.81402874,
        "d_223": 0.81200886,
        "d_176": 0.8116431,
        "d_44": 0.8106654,
        "d_7": 0.8091742,
        "d_10": 0.8048562,
        "d_77": 0.8039164
    },
    "q_7": {
        "d_1176": 0.85168374,
        "d_1178": 0.8503439,
        "d_1185": 0.8502482,
        "d_1184": 0.8476046,
        "d_1254": 0.8427683,
        "d_1186": 0.84172916,
        "d_1175": 0.84046847,
        "d_1219": 0.824965,
        "d_1216": 0.8221804,
        "d_1182": 0.82172835
    },
    "q_8": {
        "d_1555": 0.87528735,
        "d_1554": 0.8397865,
        "d_1553": 0.82694674,
        "d_1530": 0.80563045,
        "d_1535": 0.78142655,
        "d_1499": 0.77546275,
        "d_1534": 0.77503324,
        "d_1521": 0.7726468,
        "d_1539": 0.77198625,
        "d_1543": 0.77047527
    },
    "q_9": {
        "d_559": 0.82887673,
        "d_542": 0.8284054,
        "d_538": 0.8228132,
        "d_545": 0.818949,
        "d_690": 0.8161375,
        "d_546": 0.81348395,
        "d_540": 0.8128873,
        "d_675": 0.8113186,
        "d_543": 0.80778265,
        "d_704": 0.8076894
    },
    "q_10": {
        "d_1": 0.8503596,
        "d_6": 0.8359155,
        "d_77": 0.8271928,
        "d_73": 0.82534635,
        "d_7": 0.82212865,
        "d_9": 0.81942403,
        "d_44": 0.8175928,
        "d_176": 0.813974,
        "d_223": 0.81333566,
        "d_2": 0.80986434
    }
}