{
    "q_1": {
        "d_321": 0.78390676,
        "d_1371": 0.7789155,
        "d_3": 0.77762777,
        "d_2335": 0.76957726,
        "d_1567": 0.76860416
    },
    "q_2": {
        "d_735": 0.8161241,
        "d_799": 0.8114603,
        "d_550": 0.8086246,
        "d_603": 0.8049656,
        "d_822": 0.80440223
    },
    "q_3": {
        "d_406": 0.78475404,
        "d_2293": 0.7828727,
        "d_1375": 0.7800169,
        "d_2398": 0.7758597,
        "d_2393": 0.77099633
    },
    "q_4": {
        "d_2314": 0.834952,
        "d_2315": 0.8140111,
        "d_2389": 0.78637415,
        "d_2316": 0.7838564,
        "d_92": 0.78249764
    },
    "q_5": {
        "d_2295": 0.83324885,
        "d_2296": 0.81319255,
        "d_2292": 0.80582476,
        "d_2299": 0.80237097,
        "d_2290": 0.785931
    },
    "q_6": {
        "d_338": 0.8754696,
        "d_25": 0.86655986,
        "d_1098": 0.86314166,
        "d_1591": 0.86007464,
        "d_712": 0.8582516
    },
    "q_7": {
        "d_1388": 0.86373067,
        "d_334": 0.8606483,
        "d_1094": 0.8603448,
        "d_1586": 0.8513337,
        "d_711": 0.838221
    },
    "q_8": {
        "d_2390": 0.86986053,
        "d_2389": 0.83615214,
        "d_2388": 0.8303537,
        "d_2357": 0.8056509,
        "d_2363": 0.80497074
    },
    "q_9": {
        "d_228": 0.88109124,
        "d_393": 0.87654334,
        "d_1259": 0.87292725,
        "d_392": 0.8590682,
        "d_394": 0.8554021
    },
    "q_10": {
        "d_842": 0.83236194,
        "d_331": 0.82307196,
        "d_1386": 0.8151661,
        "d_709": 0.81342864,
        "d_19": 0.80974114
    }
}