{
    "ndcg@5": 0.44707498745894786,
    "mrr@5": 0.5833333333333333,
    "map@5": 0.43600000000000005,
    "precision@5": 0.26000000000000006,
    "recall@5": 0.5033333333333333,
    "hits@5": 1.3,
    "hit_rate@5": 0.7
}