{
    "ndcg@5": 0.43117225476022164,
    "mrr@5": 0.495,
    "map@5": 0.33533333333333337,
    "precision@5": 0.27999999999999997,
    "recall@5": 0.59,
    "hits@5": 1.4,
    "hit_rate@5": 0.8
}