{
    "q_1": {
        "d_1407": 0.859885,
        "d_1381": 0.8568773,
        "d_1370": 0.85230184,
        "d_1369": 0.8494456,
        "d_1378": 0.84879214
    },
    "q_2": {
        "d_1636": 0.8516107,
        "d_1572": 0.85116476,
        "d_1579": 0.8468363,
        "d_1654": 0.8405377,
        "d_1568": 0.8392261
    },
    "q_3": {
        "d_1375": 0.8123027,
        "d_2293": 0.8035729,
        "d_9": 0.8010738,
        "d_747": 0.79768866,
        "d_1132": 0.79264
    },
    "q_4": {
        "d_2314": 0.8418658,
        "d_2315": 0.8239821,
        "d_2316": 0.7968801,
        "d_2389": 0.7952968,
        "d_2313": 0.7942966
    },
    "q_5": {
        "d_2295": 0.8184345,
        "d_2296": 0.805385,
        "d_2068": 0.79993093,
        "d_830": 0.7959024,
        "d_102": 0.78373253
    },
    "q_6": {
        "d_25": 0.8210013,
        "d_1": 0.81376386,
        "d_8": 0.81211,
        "d_234": 0.8086473,
        "d_63": 0.80517876
    },
    "q_7": {
        "d_1565": 0.88490736,
        "d_1569": 0.8809662,
        "d_1574": 0.8591454,
        "d_1566": 0.85592484,
        "d_1573": 0.8522424
    },
    "q_8": {
        "d_2390": 0.8431504,
        "d_2388": 0.8249296,
        "d_2389": 0.8225105,
        "d_2363": 0.8030718,
        "d_2357": 0.79326177
    },
    "q_9": {
        "d_946": 0.8155019,
        "d_947": 0.81103134,
        "d_945": 0.8072886,
        "d_728": 0.7933246,
        "d_926": 0.7875141
    },
    "q_10": {
        "d_1": 0.8970673,
        "d_8": 0.8649124,
        "d_10": 0.8591805,
        "d_4": 0.8395344,
        "d_2": 0.83707696
    }
}