{
    "q_1": {
        "d_1371": 0.7789155,
        "d_1375": 0.76283723,
        "d_1379": 0.75433624,
        "d_1405": 0.7317169,
        "d_1380": 0.7284154
    },
    "q_2": {
        "d_1678": 0.8021119,
        "d_1860": 0.7972631,
        "d_1903": 0.7952378,
        "d_2077": 0.79031795,
        "d_1905": 0.78943145
    },
    "q_3": {
        "d_2293": 0.7828727,
        "d_2286": 0.77032864,
        "d_2292": 0.7639301,
        "d_2290": 0.7625394,
        "d_2299": 0.7598386
    },
    "q_4": {
        "d_2314": 0.834952,
        "d_2315": 0.8140111,
        "d_2389": 0.78637415,
        "d_2316": 0.7838564,
        "d_2313": 0.7799629
    },
    "q_5": {
        "d_2295": 0.83324885,
        "d_2296": 0.81319255,
        "d_2292": 0.80582476,
        "d_2299": 0.80237097,
        "d_2290": 0.785931
    },
    "q_6": {
        "d_25": 0.86655986,
        "d_257": 0.82447875,
        "d_258": 0.8057722,
        "d_166": 0.7979262,
        "d_256": 0.7929634
    },
    "q_7": {
        "d_1586": 0.8513337,
        "d_1581": 0.8331241,
        "d_1833": 0.8118277,
        "d_1587": 0.79554284,
        "d_1585": 0.7931938
    },
    "q_8": {
        "d_2390": 0.86986053,
        "d_2389": 0.83615214,
        "d_2388": 0.8303537,
        "d_2357": 0.8056509,
        "d_2363": 0.80497074
    },
    "q_9": {
        "d_946": 0.8360181,
        "d_947": 0.8299777,
        "d_945": 0.81041574,
        "d_728": 0.800488,
        "d_743": 0.7950214
    },
    "q_10": {
        "d_19": 0.80974114,
        "d_114": 0.77911717,
        "d_203": 0.7706971,
        "d_168": 0.7701076,
        "d_109": 0.768398
    }
}