{
    "ndcg@5": 0.8129933780692685,
    "mrr@5": 0.9,
    "map@5": 0.7686666666666666,
    "precision@5": 0.36000000000000004,
    "recall@5": 0.7899999999999999,
    "hits@5": 1.8,
    "hit_rate@5": 0.9
}