{
    "ndcg@5": 0.6622614110777132,
    "mrr@5": 0.8,
    "map@5": 0.6066666666666667,
    "precision@5": 0.34,
    "recall@5": 0.6583333333333333,
    "hits@5": 1.7,
    "hit_rate@5": 0.8
}