{
    "ndcg@5": 0.33683955241835095,
    "mrr@5": 0.44000000000000006,
    "map@5": 0.3333333333333333,
    "precision@5": 0.22000000000000003,
    "recall@5": 0.4,
    "hits@5": 1.1,
    "hit_rate@5": 0.6
}