{
    "q_1": {
        "d_1021": 0.74709177,
        "d_1025": 0.7309454,
        "d_1047": 0.7285489,
        "d_1020": 0.714231,
        "d_1033": 0.7134814
    },
    "q_2": {
        "d_1264": 0.7885329,
        "d_1394": 0.78476894,
        "d_1382": 0.78057116,
        "d_1283": 0.7788808,
        "d_1262": 0.7781637
    },
    "q_3": {
        "d_1481": 0.7803894,
        "d_1486": 0.7598386,
        "d_1479": 0.75877625,
        "d_1476": 0.7583577,
        "d_1478": 0.75821126
    },
    "q_4": {
        "d_1499": 0.8446885,
        "d_1500": 0.7883312,
        "d_1554": 0.7822801,
        "d_1555": 0.7767968,
        "d_1521": 0.7730106
    },
    "q_5": {
        "d_1482": 0.83081657,
        "d_1486": 0.80237097,
        "d_1483": 0.79821694,
        "d_1480": 0.798182,
        "d_1484": 0.7728157
    },
    "q_6": {
        "d_193": 0.8170653,
        "d_19": 0.8158505,
        "d_122": 0.7877378,
        "d_192": 0.7876061,
        "d_15": 0.7856079
    },
    "q_7": {
        "d_1192": 0.82859933,
        "d_1464": 0.7873777,
        "d_1193": 0.7792756,
        "d_1405": 0.7745534,
        "d_1191": 0.766021
    },
    "q_8": {
        "d_1555": 0.87528735,
        "d_1554": 0.8397865,
        "d_1553": 0.82694674,
        "d_1530": 0.80563045,
        "d_1535": 0.78142655
    },
    "q_9": {
        "d_704": 0.8342652,
        "d_705": 0.8292041,
        "d_675": 0.7937379,
        "d_747": 0.7914029,
        "d_563": 0.7863173
    },
    "q_10": {
        "d_14": 0.79513097,
        "d_15": 0.77984035,
        "d_152": 0.76794577,
        "d_145": 0.7596922,
        "d_77": 0.7554426
    }
}