{
    "q_1": {
        "d_1502": 0.76791304,
        "d_544": 0.76622427,
        "d_1177": 0.7625956,
        "d_1516": 0.76150864,
        "d_794": 0.7605146
    },
    "q_2": {
        "d_620": 0.79674184,
        "d_608": 0.79592836,
        "d_90": 0.7938875,
        "d_570": 0.7938694,
        "d_845": 0.79327154
    },
    "q_3": {
        "d_240": 0.8203198,
        "d_265": 0.7826835,
        "d_1481": 0.7803894,
        "d_1025": 0.77551395,
        "d_1561": 0.7752754
    },
    "q_4": {
        "d_1499": 0.8446885,
        "d_1500": 0.7883312,
        "d_1554": 0.7822801,
        "d_1555": 0.7767968,
        "d_1521": 0.7730106
    },
    "q_5": {
        "d_1482": 0.83081657,
        "d_1486": 0.80237097,
        "d_1483": 0.79821694,
        "d_1480": 0.798182,
        "d_1484": 0.7728157
    },
    "q_6": {
        "d_552": 0.83472085,
        "d_251": 0.8335519,
        "d_1196": 0.8242175,
        "d_252": 0.8201795,
        "d_576": 0.81759286
    },
    "q_7": {
        "d_248": 0.83786273,
        "d_1034": 0.83088297,
        "d_803": 0.83052737,
        "d_551": 0.8298798,
        "d_1192": 0.82859933
    },
    "q_8": {
        "d_1555": 0.87528735,
        "d_1554": 0.8397865,
        "d_1553": 0.82694674,
        "d_1530": 0.80563045,
        "d_552": 0.78281283
    },
    "q_9": {
        "d_292": 0.8776822,
        "d_930": 0.8733961,
        "d_293": 0.85543084,
        "d_171": 0.8539289,
        "d_448": 0.8458238
    },
    "q_10": {
        "d_550": 0.8031137,
        "d_1191": 0.7955597,
        "d_14": 0.79513097,
        "d_802": 0.79126084,
        "d_549": 0.7904149
    }
}