{
    "q_1": {
        "d_1029": 0.8445698,
        "d_1020": 0.8430593,
        "d_1038": 0.83885264,
        "d_1023": 0.83535266,
        "d_1022": 0.83457434
    },
    "q_2": {
        "d_1227": 0.8567894,
        "d_1223": 0.8408818,
        "d_1179": 0.83900046,
        "d_1203": 0.8380432,
        "d_1180": 0.8371018
    },
    "q_3": {
        "d_240": 0.852153,
        "d_265": 0.8054167,
        "d_1025": 0.8027543,
        "d_1183": 0.7998836,
        "d_1481": 0.7961585
    },
    "q_4": {
        "d_1499": 0.8528278,
        "d_1500": 0.7993737,
        "d_1554": 0.7924189,
        "d_1555": 0.7852788,
        "d_1553": 0.7852458
    },
    "q_5": {
        "d_1482": 0.816808,
        "d_1483": 0.78964895,
        "d_626": 0.77872974,
        "d_509": 0.7777084,
        "d_1431": 0.7763397
    },
    "q_6": {
        "d_1": 0.812812,
        "d_176": 0.81152606,
        "d_6": 0.8089171,
        "d_223": 0.8076958,
        "d_9": 0.806648
    },
    "q_7": {
        "d_1176": 0.8921344,
        "d_1178": 0.89206505,
        "d_1175": 0.8818206,
        "d_1182": 0.8602886,
        "d_1184": 0.84448004
    },
    "q_8": {
        "d_1555": 0.84530437,
        "d_1554": 0.8216125,
        "d_1553": 0.82094496,
        "d_1530": 0.79958487,
        "d_1535": 0.7810066
    },
    "q_9": {
        "d_704": 0.8234644,
        "d_705": 0.8108161,
        "d_675": 0.79073215,
        "d_747": 0.7858596,
        "d_563": 0.7830328
    },
    "q_10": {
        "d_1": 0.8819463,
        "d_6": 0.8785552,
        "d_73": 0.8530284,
        "d_7": 0.8449298,
        "d_4": 0.83651614
    }
}