{
    "ndcg@5": 0.3008649401009767,
    "mrr@5": 0.38666666666666666,
    "map@5": 0.2611111111111111,
    "precision@5": 0.24000000000000005,
    "recall@5": 0.375,
    "hits@5": 1.2,
    "hit_rate@5": 0.6
}