{
    "q_1": {
        "d_1371": 0.90631723,
        "d_1370": 0.89561486,
        "d_1369": 0.8881032,
        "d_1407": 0.883768,
        "d_1374": 0.8723256
    },
    "q_2": {
        "d_1668": 0.8725176,
        "d_1573": 0.8629269,
        "d_1644": 0.8590507,
        "d_1569": 0.85583746,
        "d_1565": 0.8549883
    },
    "q_3": {
        "d_406": 0.8312059,
        "d_1375": 0.8271841,
        "d_2293": 0.82166433,
        "d_9": 0.8196677,
        "d_2286": 0.8158134
    },
    "q_4": {
        "d_2315": 0.8545244,
        "d_2314": 0.8539609,
        "d_2316": 0.8308257,
        "d_2313": 0.8276047,
        "d_92": 0.82566696
    },
    "q_5": {
        "d_2295": 0.8547595,
        "d_2296": 0.8434265,
        "d_2299": 0.8361856,
        "d_2292": 0.8359053,
        "d_2290": 0.8237633
    },
    "q_6": {
        "d_1": 0.86586124,
        "d_8": 0.85259736,
        "d_25": 0.851399,
        "d_13": 0.8486264,
        "d_10": 0.84595245
    },
    "q_7": {
        "d_1668": 0.87467027,
        "d_1644": 0.8738812,
        "d_1575": 0.87265897,
        "d_1624": 0.8689827,
        "d_1565": 0.8683293
    },
    "q_8": {
        "d_2390": 0.88186944,
        "d_2389": 0.8619714,
        "d_2388": 0.8566581,
        "d_2363": 0.8404081,
        "d_2357": 0.83909357
    },
    "q_9": {
        "d_695": 0.8661176,
        "d_721": 0.86510235,
        "d_705": 0.8616085,
        "d_702": 0.8561883,
        "d_703": 0.8551102
    },
    "q_10": {
        "d_1": 0.8759391,
        "d_10": 0.8615279,
        "d_8": 0.8591795,
        "d_12": 0.85220534,
        "d_62": 0.85152304
    }
}