{
    "ndcg@5": 0.404379127809747,
    "mrr@5": 0.4666666666666667,
    "map@5": 0.37744444444444436,
    "precision@5": 0.3,
    "recall@5": 0.5066666666666666,
    "hits@5": 1.5,
    "hit_rate@5": 0.6
}