{
    "ndcg@5": 0.446606708222142,
    "mrr@5": 0.5333333333333334,
    "map@5": 0.43966666666666665,
    "precision@5": 0.32,
    "recall@5": 0.5399999999999999,
    "hits@5": 1.6,
    "hit_rate@5": 0.6
}