{
    "q_1": {
        "d_1021": 0.8931459,
        "d_1020": 0.8903258,
        "d_787": 0.8899049,
        "d_788": 0.88495636,
        "d_1024": 0.8829783
    },
    "q_2": {
        "d_1254": 0.8674729,
        "d_1178": 0.8603755,
        "d_1176": 0.8556957,
        "d_1175": 0.8556528,
        "d_1182": 0.852792
    },
    "q_3": {
        "d_240": 0.85005033,
        "d_1025": 0.8214303,
        "d_1481": 0.82099384,
        "d_265": 0.8202428,
        "d_1183": 0.8172393
    },
    "q_4": {
        "d_1499": 0.8608073,
        "d_1500": 0.8334881,
        "d_1555": 0.8237432,
        "d_1183": 0.82201755,
        "d_1554": 0.82075715
    },
    "q_5": {
        "d_1482": 0.85370076,
        "d_1486": 0.8361856,
        "d_1480": 0.83425295,
        "d_1483": 0.8339882,
        "d_1431": 0.81845486
    },
    "q_6": {
        "d_6": 0.8624326,
        "d_1": 0.86073804,
        "d_1496": 0.855683,
        "d_44": 0.84854376,
        "d_73": 0.84812206
    },
    "q_7": {
        "d_1178": 0.8734595,
        "d_1176": 0.8732553,
        "d_1184": 0.87265897,
        "d_1185": 0.87090456,
        "d_1175": 0.8699447
    },
    "q_8": {
        "d_1555": 0.88516814,
        "d_1554": 0.8613523,
        "d_1553": 0.8538147,
        "d_1530": 0.8375912,
        "d_796": 0.8313589
    },
    "q_9": {
        "d_292": 0.8720825,
        "d_930": 0.8643897,
        "d_538": 0.8622564,
        "d_542": 0.8621342,
        "d_559": 0.8620355
    },
    "q_10": {
        "d_1": 0.8700241,
        "d_6": 0.869426,
        "d_9": 0.85333216,
        "d_73": 0.85327506,
        "d_7": 0.85246223
    }
}