{
    "ndcg@5": 0.38533264079442053,
    "mrr@5": 0.5,
    "map@5": 0.3408333333333333,
    "precision@5": 0.24000000000000005,
    "recall@5": 0.36666666666666664,
    "hits@5": 1.2,
    "hit_rate@5": 0.5
}