{
    "ndcg@5": 0.3207556376838287,
    "mrr@5": 0.4333333333333333,
    "map@5": 0.2652777777777778,
    "precision@5": 0.2,
    "recall@5": 0.3,
    "hits@5": 1.0,
    "hit_rate@5": 0.5
}